Group,Filename,Structural_Phi,Order_Parameter_r,Invariant_Delta,Clinical_State
_archon_qia_output,archon_neuro_signature.csv,9.29e+00,29.7853,28.9353,CRITICAL_BREAKDOWN
_archon_qia_output,archon_global_timestamp_log.csv,5.36e+02,29.5635,28.7135,CRITICAL_BREAKDOWN
_archon_qia_output,archon_global_logic_log.csv,1.98e+03,7934.7022,7933.8522,CRITICAL_BREAKDOWN
_archon_qia_output,archon_global_signature.csv,1.46e+01,7859.5118,7858.6618,CRITICAL_BREAKDOWN
_archon_qia_output,archon_historical_full_analysis.csv,8.81e+01,21695.1165,21694.2665,CRITICAL_BREAKDOWN
_archon_qia_output,archon_historical_all_rows.csv,2.34e+03,0.0,0.85,DYNAMIC_FLOW
_archon_qia_output,ARCHON_SIES_full_pipeline.csv,nan,,,DYNAMIC_FLOW
_archon_qia_output,SIES_item_level.csv,2.34e+03,0.0,0.85,DYNAMIC_FLOW
_archon_qia_output,SIES_user_level.csv,7.73e+01,0.0118,0.8382,DYNAMIC_FLOW
_archon_qia_output,SIES_v3_notebook_level.csv,6.21e+02,0.001,0.849,DYNAMIC_FLOW
_archon_qia_output,NeuroCore_ARCHON_SIES_full_pipeline_EN.csv,nan,,,DYNAMIC_FLOW
CSV,windows_labeled_1227.csv,3.30e+03,0.0001,0.8499,DYNAMIC_FLOW
SARIMAX,results_rls_stata_1633.csv,nan,,,DYNAMIC_FLOW
SARIMAX,results_rls_stata.csv,nan,,,DYNAMIC_FLOW
SIMULATION_SMOOTHING,results_simulation_smoothing3_1014.csv,8.07e+00,6.0926,5.2426,CRITICAL_BREAKDOWN
SIMULATION_SMOOTHING,results_simulation_smoothing3_variates.csv,8.15e+02,0.2468,0.6032,DYNAMIC_FLOW
SIMULATION_SMOOTHING,results_simulation_smoothing3.csv,8.07e+00,6.0927,5.2427,CRITICAL_BREAKDOWN
SIMULATION_SMOOTHING,results_simulation_smoothing4.csv,8.06e+01,0.4674,0.3826,DYNAMIC_FLOW
SIMULATION_SMOOTHING,results_simulation_smoothing5.csv,8.11e+00,5.7463,4.8963,CRITICAL_BREAKDOWN
SIMULATION_SMOOTHING,results_smoothing_R_814.csv,7.74e+02,0.0022,0.8478,DYNAMIC_FLOW
SIMULATION_SMOOTHING,results_smoothing_R.csv,7.74e+02,0.0022,0.8478,DYNAMIC_FLOW
SIMULATION_SMOOTHING,results_smoothing2_R.csv,4.14e+01,510.6295,509.7795,CRITICAL_BREAKDOWN
SIMULATION_SMOOTHING,results_smoothing3_R_1064.csv,8.77e+01,0.2033,0.6467,DYNAMIC_FLOW
SIMULATION_SMOOTHING,results_smoothing3_R.csv,8.77e+01,0.2033,0.6467,DYNAMIC_FLOW
SIMULATION_SMOOTHING,results_kcde_1114.csv,5.67e+00,0.1731,0.6769,DYNAMIC_FLOW
SIMULATION_SMOOTHING,results_kcde.csv,5.67e+00,0.1731,0.6769,DYNAMIC_FLOW
SIMULATION_SMOOTHING,lme02_1175.csv,6.86e+01,0.0101,0.8399,DYNAMIC_FLOW
SIMULATION_SMOOTHING,lme11.csv,6.86e+01,0.0101,0.8399,DYNAMIC_FLOW
SIMULATION_SMOOTHING,results_simulation_smoothing6.csv,7.90e+00,6.9359,6.0859,CRITICAL_BREAKDOWN
SIMULATION_SMOOTHING,results_smoothing_generalobscov_R.csv,4.26e+01,330.1107,329.2607,CRITICAL_BREAKDOWN
SIMULATION_SMOOTHING,results_simulation_smoothing3_variates_1393.csv,8.15e+02,0.2468,0.6032,DYNAMIC_FLOW
SIMULATION_SMOOTHING,results_simulation_smoothing4_1401.csv,8.06e+01,0.4674,0.3826,DYNAMIC_FLOW
SIMULATION_SMOOTHING,results_simulation_smoothing6_1521.csv,7.90e+00,6.936,6.086,CRITICAL_BREAKDOWN
SIMULATION_SMOOTHING,results_smoothing_generalobscov_R_1484.csv,4.26e+01,328.8845,328.0345,CRITICAL_BREAKDOWN
SIMULATION_SMOOTHING,results_smoothing2_R_1488.csv,4.14e+01,517.4289,516.5789,CRITICAL_BREAKDOWN
SIMULATION_SMOOTHING,results_tweedie_aweights_nonrobust_1667.csv,4.16e+03,1.2138,0.3638,CRITICAL_BREAKDOWN
QC_REPORTS,master_edf_scan.csv,nan,,,DYNAMIC_FLOW
QC_REPORTS,master_ok.csv,4.65e+03,0.0002,0.8498,DYNAMIC_FLOW
REPORTS,_parkinson_report_585.csv,nan,,,DYNAMIC_FLOW
REPORTS,_parkinson_report_610.csv,nan,,,DYNAMIC_FLOW
REPORTS,_parkinson_report_972.csv,nan,,,DYNAMIC_FLOW
REPORTS,_parkinson_report.csv,nan,,,DYNAMIC_FLOW
REPORTS,batch_summary_final.csv,1.06e+02,132.4796,131.6296,CRITICAL_BREAKDOWN
REPORTS,stl_test_results.csv,1.72e+03,0.0029,0.8471,DYNAMIC_FLOW
REPORTS,_parkinson_report_1071.csv,nan,,,DYNAMIC_FLOW
REPORTS,_parkinson_report_1609.csv,nan,,,DYNAMIC_FLOW
MODEL_FORECATS,arima111_forecasts.csv,nan,,,DYNAMIC_FLOW
MODEL_FORECATS,autos_exog.csv,2.08e+01,2871.4889,2870.6389,CRITICAL_BREAKDOWN
MODEL_FORECATS,autos_predict_143.csv,1.41e+02,0.0049,0.8451,DYNAMIC_FLOW
MODEL_FORECATS,autos_predict.csv,1.41e+02,0.0049,0.8451,DYNAMIC_FLOW
MODEL_FORECATS,autos.csv,nan,,,DYNAMIC_FLOW
MODEL_FORECATS,results_ar_forecast_mle_dynamic_148.csv,2.31e+02,0.003,0.847,DYNAMIC_FLOW
MODEL_FORECATS,results_ar_forecast_mle_dynamic.csv,2.31e+02,0.003,0.847,DYNAMIC_FLOW
MODEL_FORECATS,results_arima_exog_forecasts_css.csv,nan,,,DYNAMIC_FLOW
MODEL_FORECATS,results_arima_exog_forecasts_mle.csv,8.60e+01,0.008,0.842,DYNAMIC_FLOW
MODEL_FORECATS,results_arima_forecasts_all_css_689.csv,nan,,,DYNAMIC_FLOW
MODEL_FORECATS,results_arima_forecasts_all_css_diff.csv,1.57e+02,0.0044,0.8456,DYNAMIC_FLOW
MODEL_FORECATS,results_arima_forecasts_all_css.csv,nan,,,DYNAMIC_FLOW
MODEL_FORECATS,results_arima_forecasts_all_mle_986.csv,nan,,,DYNAMIC_FLOW
MODEL_FORECATS,results_arima_forecasts_all_mle_diff.csv,1.57e+02,0.0044,0.8456,DYNAMIC_FLOW
MODEL_FORECATS,results_arima_forecasts_all_mle.csv,nan,,,DYNAMIC_FLOW
MODEL_FORECATS,results_rls_R_929.csv,1.29e+02,0.0385,0.8115,DYNAMIC_FLOW
MODEL_FORECATS,results_rls_R.csv,1.29e+02,0.0385,0.8115,DYNAMIC_FLOW
MODEL_FORECATS,transition_early_warning_series_490.csv,5.75e+01,10.4281,9.5781,CRITICAL_BREAKDOWN
MODEL_FORECATS,transition_early_warning_series.csv,5.75e+01,10.4184,9.5684,CRITICAL_BREAKDOWN
MODEL_FORECATS,chb_earlywarning_metrics_1243.csv,5.54e+03,0.0001,0.8499,DYNAMIC_FLOW
MODEL_FORECATS,chb_preictal_baseline_ready_1225.csv,nan,,,DYNAMIC_FLOW
MODEL_FORECATS,resids_exact_c.csv,1.84e+02,0.2039,0.6461,DYNAMIC_FLOW
MODEL_FORECATS,results_arima_exog_forecasts_mle_1130.csv,8.60e+01,0.008,0.842,DYNAMIC_FLOW
MODEL_FORECATS,results_arima_forecasts_all_mle_diff_1090.csv,1.57e+02,0.0044,0.8456,DYNAMIC_FLOW
MODEL_FORECATS,resids_css_c_1193.csv,nan,,,DYNAMIC_FLOW
MODEL_FORECATS,resids_exact_c_1226.csv,1.84e+02,0.2039,0.6461,DYNAMIC_FLOW
MODEL_FORECATS,results_intercepts_R_1237.csv,7.74e+02,0.0024,0.8476,DYNAMIC_FLOW
MODEL_FORECATS,arima212_forecast.csv,nan,,,DYNAMIC_FLOW
MODEL_FORECATS,results_arima_forecasts_all_css_diff_1244.csv,1.57e+02,0.0044,0.8456,DYNAMIC_FLOW
MODEL_FORECATS,results_varmax_stata_1354.csv,nan,,,DYNAMIC_FLOW
MODEL_FORECATS,arima111_forecasts_1687.csv,nan,,,DYNAMIC_FLOW
MODEL_FORECATS,arima212_forecast_1664.csv,nan,,,DYNAMIC_FLOW
MODEL_FORECATS,results_clark1989_R_1577.csv,2.22e+01,1.9325,1.0825,CRITICAL_BREAKDOWN
MODEL_FORECATS,results_arima_exog_forecasts_css_1520.csv,nan,,,DYNAMIC_FLOW
MODEL_FORECATS,results_clark1989_R.csv,2.22e+01,1.9333,1.0833,CRITICAL_BREAKDOWN
MODEL_FORECATS,sunspots_1450.csv,2.13e+02,0.0032,0.8468,DYNAMIC_FLOW
MODEL_FORECATS,stl_co2_1478.csv,2.34e+02,0.028,0.822,DYNAMIC_FLOW
MODEL_FORECATS,stl_test_results_1506.csv,1.72e+03,0.0029,0.8471,DYNAMIC_FLOW
MODEL_FORECATS,results_simulation_smoothing5_1697.csv,8.11e+00,5.7464,4.8964,CRITICAL_BREAKDOWN
VAR&VARMAX,results_varmax_stata.csv,nan,,,DYNAMIC_FLOW
AUTO_SYSTEM,2016-06-29.csv,nan,,,DYNAMIC_FLOW
AUTO_SYSTEM,2016-07-29.csv,nan,,,DYNAMIC_FLOW
AUTO_SYSTEM,AUDIT_PIPELINES.csv,3.56e+02,827.0346,826.1846,CRITICAL_BREAKDOWN
AUTO_SYSTEM,bmt_289.csv,6.84e+02,0.0005,0.8495,DYNAMIC_FLOW
AUTO_SYSTEM,bmt.csv,6.84e+02,0.0005,0.8495,DYNAMIC_FLOW
AUTO_SYSTEM,bootleg_852.csv,5.04e+04,0.001,0.849,DYNAMIC_FLOW
AUTO_SYSTEM,bootleg.csv,5.04e+04,0.001,0.849,DYNAMIC_FLOW
AUTO_SYSTEM,breast_cancer_235.csv,1.48e+02,5049.7574,5048.9074,CRITICAL_BREAKDOWN
AUTO_SYSTEM,breast_cancer_471.csv,1.48e+02,4986.0112,4985.1612,CRITICAL_BREAKDOWN
AUTO_SYSTEM,breast_cancer.csv,1.48e+02,5220.2849,5219.4349,CRITICAL_BREAKDOWN
AUTO_SYSTEM,cancer.csv,1.22e+03,0.0,0.85,DYNAMIC_FLOW
AUTO_SYSTEM,cfa_tvpvar_invP_955.csv,7.05e+01,104.3389,103.4889,CRITICAL_BREAKDOWN
AUTO_SYSTEM,cfa_tvpvar_invP.csv,7.05e+01,110.6233,109.7733,CRITICAL_BREAKDOWN
AUTO_SYSTEM,clark1989_545.csv,5.99e+02,0.0002,0.8498,DYNAMIC_FLOW
AUTO_SYSTEM,clark1989.csv,5.99e+02,0.0002,0.8498,DYNAMIC_FLOW
AUTO_SYSTEM,co2.csv,6.14e+03,0.0,0.85,DYNAMIC_FLOW
AUTO_SYSTEM,dietox.csv,2.74e+02,0.0005,0.8495,DYNAMIC_FLOW
AUTO_SYSTEM,dosenbach_2010.csv,1.10e+02,0.0063,0.8437,DYNAMIC_FLOW
AUTO_SYSTEM,enet_binomial_277.csv,1.43e+02,0.2359,0.6141,DYNAMIC_FLOW
AUTO_SYSTEM,enet_binomial.csv,1.43e+02,0.2359,0.6141,DYNAMIC_FLOW
AUTO_SYSTEM,engel.csv,1.29e+03,0.0006,0.8494,DYNAMIC_FLOW
AUTO_SYSTEM,fair_pt_597.csv,1.03e+03,0.0004,0.8496,DYNAMIC_FLOW
AUTO_SYSTEM,fair_pt.csv,1.03e+03,0.0004,0.8496,DYNAMIC_FLOW
AUTO_SYSTEM,fair.csv,1.12e+04,644.2033,643.3533,CRITICAL_BREAKDOWN
AUTO_SYSTEM,fertility.csv,nan,,,DYNAMIC_FLOW
AUTO_SYSTEM,framing.csv,1.83e+02,0.0038,0.8462,DYNAMIC_FLOW
AUTO_SYSTEM,formula_test_all_20260215_100355.csv,1.84e+03,0.0025,0.8475,DYNAMIC_FLOW
AUTO_SYSTEM,housing-data_332.csv,1.63e+03,0.0063,0.8437,DYNAMIC_FLOW
AUTO_SYSTEM,housing-data.csv,1.63e+03,0.0063,0.8437,DYNAMIC_FLOW
AUTO_SYSTEM,iris_767.csv,5.02e+01,0.2265,0.6235,DYNAMIC_FLOW
AUTO_SYSTEM,iris_976.csv,5.00e+01,0.2262,0.6238,DYNAMIC_FLOW
AUTO_SYSTEM,iris.csv,5.00e+01,0.2262,0.6238,DYNAMIC_FLOW
AUTO_SYSTEM,lme00.csv,6.86e+01,0.0102,0.8398,DYNAMIC_FLOW
AUTO_SYSTEM,lme02.csv,6.86e+01,0.0101,0.8399,DYNAMIC_FLOW
AUTO_SYSTEM,lme03.csv,6.86e+01,0.0103,0.8397,DYNAMIC_FLOW
AUTO_SYSTEM,lme04_909.csv,6.86e+01,0.0101,0.8399,DYNAMIC_FLOW
AUTO_SYSTEM,lme04.csv,6.86e+01,0.0101,0.8399,DYNAMIC_FLOW
AUTO_SYSTEM,lme05_184.csv,6.86e+01,0.0101,0.8399,DYNAMIC_FLOW
AUTO_SYSTEM,lme05.csv,6.86e+01,0.0101,0.8399,DYNAMIC_FLOW
AUTO_SYSTEM,lme06.csv,6.86e+01,0.0102,0.8398,DYNAMIC_FLOW
AUTO_SYSTEM,lme07_890.csv,6.86e+01,0.0101,0.8399,DYNAMIC_FLOW
AUTO_SYSTEM,lme07.csv,6.86e+01,0.0101,0.8399,DYNAMIC_FLOW
AUTO_SYSTEM,lme08_846.csv,6.86e+01,0.0101,0.8399,DYNAMIC_FLOW
AUTO_SYSTEM,lme08.csv,6.86e+01,0.0101,0.8399,DYNAMIC_FLOW
AUTO_SYSTEM,lme09_1062.csv,6.86e+01,0.0101,0.8399,DYNAMIC_FLOW
AUTO_SYSTEM,macrodata.csv,7.85e+02,0.0001,0.8499,DYNAMIC_FLOW
AUTO_SYSTEM,master_ok.csv,4.65e+03,0.0002,0.8498,DYNAMIC_FLOW
AUTO_SYSTEM,motorcycle_616.csv,3.38e+02,0.0063,0.8437,DYNAMIC_FLOW
AUTO_SYSTEM,motorcycle.csv,3.38e+02,0.0063,0.8437,DYNAMIC_FLOW
AUTO_SYSTEM,mt19937-testset-1_306.csv,6.92e+02,0.001,0.849,DYNAMIC_FLOW
AUTO_SYSTEM,mt19937-testset-1_670.csv,6.92e+02,0.001,0.849,DYNAMIC_FLOW
AUTO_SYSTEM,mt19937-testset-1.csv,6.92e+02,0.001,0.849,DYNAMIC_FLOW
AUTO_SYSTEM,mt19937-testset-2_1006.csv,6.92e+02,0.001,0.849,DYNAMIC_FLOW
AUTO_SYSTEM,mt19937-testset-2.csv,6.92e+02,0.001,0.849,DYNAMIC_FLOW
AUTO_SYSTEM,mstl_elec_vic_731.csv,1.95e+04,0.0002,0.8498,DYNAMIC_FLOW
AUTO_SYSTEM,mstl_elec_vic.csv,1.95e+04,0.0002,0.8498,DYNAMIC_FLOW
AUTO_SYSTEM,pcg64-testset-1_1038.csv,6.92e+02,0.001,0.849,DYNAMIC_FLOW
AUTO_SYSTEM,pcg64-testset-1.csv,6.92e+02,0.001,0.849,DYNAMIC_FLOW
AUTO_SYSTEM,pcg64-testset-2_692.csv,6.92e+02,0.001,0.849,DYNAMIC_FLOW
AUTO_SYSTEM,pcg64-testset-2.csv,6.92e+02,0.001,0.849,DYNAMIC_FLOW
AUTO_SYSTEM,pcg64dxsm-testset-1_318.csv,6.92e+02,0.001,0.849,DYNAMIC_FLOW
AUTO_SYSTEM,pcg64dxsm-testset-1_373.csv,6.92e+02,0.001,0.849,DYNAMIC_FLOW
AUTO_SYSTEM,pcg64dxsm-testset-1_453.csv,6.92e+02,0.001,0.849,DYNAMIC_FLOW
AUTO_SYSTEM,pcg64dxsm-testset-1.csv,6.92e+02,0.001,0.849,DYNAMIC_FLOW
AUTO_SYSTEM,pcg64dxsm-testset-2.csv,6.92e+02,0.001,0.849,DYNAMIC_FLOW
AUTO_SYSTEM,power_2011_927.csv,1.82e+02,0.0038,0.8462,DYNAMIC_FLOW
AUTO_SYSTEM,power_2011.csv,1.82e+02,0.0038,0.8462,DYNAMIC_FLOW
AUTO_SYSTEM,philox-testset-1_493.csv,6.92e+02,0.001,0.849,DYNAMIC_FLOW
AUTO_SYSTEM,philox-testset-1_833.csv,6.92e+02,0.001,0.849,DYNAMIC_FLOW
AUTO_SYSTEM,philox-testset-1_932.csv,6.92e+02,0.001,0.849,DYNAMIC_FLOW
AUTO_SYSTEM,philox-testset-1.csv,6.92e+02,0.001,0.849,DYNAMIC_FLOW
AUTO_SYSTEM,philox-testset-2_320.csv,6.92e+02,0.001,0.849,DYNAMIC_FLOW
AUTO_SYSTEM,philox-testset-2_362.csv,6.92e+02,0.001,0.849,DYNAMIC_FLOW
AUTO_SYSTEM,philox-testset-2.csv,6.92e+02,0.001,0.849,DYNAMIC_FLOW
AUTO_SYSTEM,rand10000.csv,5.27e+03,0.0065,0.8435,DYNAMIC_FLOW
AUTO_SYSTEM,randhie_384.csv,8.78e+03,86.4506,85.6006,CRITICAL_BREAKDOWN
AUTO_SYSTEM,randhie.csv,8.78e+03,86.137,85.287,CRITICAL_BREAKDOWN
AUTO_SYSTEM,racd10data_with_transformed.csv,2.18e+04,0.0507,0.7993,DYNAMIC_FLOW
AUTO_SYSTEM,results_predict_fedfunds_254.csv,nan,,,DYNAMIC_FLOW
AUTO_SYSTEM,results_predict_fedfunds.csv,nan,,,DYNAMIC_FLOW
AUTO_SYSTEM,results_predict_rgnp.csv,nan,,,DYNAMIC_FLOW
AUTO_SYSTEM,results_realgdpar_stata_565.csv,1.04e+03,0.0001,0.8499,DYNAMIC_FLOW
AUTO_SYSTEM,results_realgdpar_stata.csv,1.04e+03,0.0001,0.8499,DYNAMIC_FLOW
AUTO_SYSTEM,sfc64-testset-1.csv,6.92e+02,0.001,0.849,DYNAMIC_FLOW
AUTO_SYSTEM,sfc64-testset-2_382.csv,6.92e+02,0.001,0.849,DYNAMIC_FLOW
AUTO_SYSTEM,sfc64-testset-2_568.csv,6.92e+02,0.001,0.849,DYNAMIC_FLOW
AUTO_SYSTEM,sfc64-testset-2.csv,6.92e+02,0.001,0.849,DYNAMIC_FLOW
AUTO_SYSTEM,sfc64-testset-1_687.csv,6.92e+02,0.001,0.849,DYNAMIC_FLOW
AUTO_SYSTEM,sm3533.csv,1.53e+03,0.0136,0.8364,DYNAMIC_FLOW
AUTO_SYSTEM,star98.csv,2.57e+03,0.0,0.85,DYNAMIC_FLOW
AUTO_SYSTEM,stkprc_832.csv,1.12e+01,0.348,0.502,DYNAMIC_FLOW
AUTO_SYSTEM,stkprc.csv,1.12e+01,0.348,0.502,DYNAMIC_FLOW
AUTO_SYSTEM,stl_co2.csv,2.34e+02,0.028,0.822,DYNAMIC_FLOW
AUTO_SYSTEM,sunspots.csv,2.13e+02,0.0032,0.8468,DYNAMIC_FLOW
AUTO_SYSTEM,test_lowess_delta.csv,3.38e+02,0.0063,0.8437,DYNAMIC_FLOW
AUTO_SYSTEM,umath-validation-set-arccos_883.csv,1.10e+00,6585.454,6584.604,CRITICAL_BREAKDOWN
AUTO_SYSTEM,umath-validation-set-arccos.csv,1.10e+00,6458.1403,6457.2903,CRITICAL_BREAKDOWN
AUTO_SYSTEM,umath-validation-set-arccosh_711.csv,6.93e-01,6961.1659,6960.3159,CRITICAL_BREAKDOWN
AUTO_SYSTEM,umath-validation-set-arccosh.csv,6.93e-01,6717.472,6716.622,CRITICAL_BREAKDOWN
AUTO_SYSTEM,umath-validation-set-arcsin_639.csv,1.39e+00,6297.9886,6297.1386,CRITICAL_BREAKDOWN
AUTO_SYSTEM,umath-validation-set-arcsin_718.csv,1.39e+00,6462.4497,6461.5997,CRITICAL_BREAKDOWN
AUTO_SYSTEM,umath-validation-set-arcsin.csv,1.39e+00,6461.1646,6460.3146,CRITICAL_BREAKDOWN
AUTO_SYSTEM,umath-validation-set-arctan_755.csv,1.10e+00,6542.4537,6541.6037,CRITICAL_BREAKDOWN
AUTO_SYSTEM,umath-validation-set-arctan_796.csv,1.10e+00,6735.0893,6734.2393,CRITICAL_BREAKDOWN
AUTO_SYSTEM,umath-validation-set-arctan.csv,1.10e+00,6541.9716,6541.1216,CRITICAL_BREAKDOWN
AUTO_SYSTEM,umath-validation-set-arctanh_1054.csv,6.93e-01,6598.205,6597.355,CRITICAL_BREAKDOWN
AUTO_SYSTEM,umath-validation-set-arctanh.csv,6.93e-01,7051.8243,7050.9743,CRITICAL_BREAKDOWN
AUTO_SYSTEM,umath-validation-set-cbrt_174.csv,0.00e+00,24548.785,24547.935,CRITICAL_BREAKDOWN
AUTO_SYSTEM,umath-validation-set-cbrt_275.csv,0.00e+00,24432.9677,24432.1177,CRITICAL_BREAKDOWN
AUTO_SYSTEM,umath-validation-set-cbrt_301.csv,0.00e+00,24144.7985,24143.9485,CRITICAL_BREAKDOWN
AUTO_SYSTEM,umath-validation-set-cbrt.csv,0.00e+00,24504.849,24503.999,CRITICAL_BREAKDOWN
AUTO_SYSTEM,umath-validation-set-cos_615.csv,nan,,,DYNAMIC_FLOW
AUTO_SYSTEM,umath-validation-set-cos_685.csv,nan,,,DYNAMIC_FLOW
AUTO_SYSTEM,umath-validation-set-cos.csv,nan,,,DYNAMIC_FLOW
AUTO_SYSTEM,umath-validation-set-cosh_686.csv,1.10e+00,6469.7086,6468.8586,CRITICAL_BREAKDOWN
AUTO_SYSTEM,umath-validation-set-cosh.csv,1.10e+00,6563.9367,6563.0867,CRITICAL_BREAKDOWN
AUTO_SYSTEM,umath-validation-set-exp.csv,nan,,,DYNAMIC_FLOW
AUTO_SYSTEM,umath-validation-set-exp2_496.csv,6.93e-01,6954.6994,6953.8494,CRITICAL_BREAKDOWN
AUTO_SYSTEM,umath-validation-set-exp2.csv,6.93e-01,6940.742,6939.892,CRITICAL_BREAKDOWN
AUTO_SYSTEM,umath-validation-set-expm1_684.csv,1.10e+00,6462.9661,6462.1161,CRITICAL_BREAKDOWN
AUTO_SYSTEM,umath-validation-set-expm1.csv,1.10e+00,6620.2949,6619.4449,CRITICAL_BREAKDOWN
AUTO_SYSTEM,umath-validation-set-log_906.csv,nan,,,DYNAMIC_FLOW
AUTO_SYSTEM,umath-validation-set-log_1007.csv,nan,,,DYNAMIC_FLOW
AUTO_SYSTEM,umath-validation-set-log.csv,nan,,,DYNAMIC_FLOW
AUTO_SYSTEM,umath-validation-set-log1p_479.csv,6.93e-01,6887.7667,6886.9167,CRITICAL_BREAKDOWN
AUTO_SYSTEM,umath-validation-set-log1p_658.csv,6.93e-01,6910.1046,6909.2546,CRITICAL_BREAKDOWN
AUTO_SYSTEM,umath-validation-set-log1p_893.csv,6.93e-01,6907.432,6906.582,CRITICAL_BREAKDOWN
AUTO_SYSTEM,umath-validation-set-log1p.csv,6.93e-01,6746.0677,6745.2177,CRITICAL_BREAKDOWN
AUTO_SYSTEM,umath-validation-set-log2_961.csv,1.10e+00,6973.5521,6972.7021,CRITICAL_BREAKDOWN
AUTO_SYSTEM,umath-validation-set-log2_1047.csv,1.10e+00,6715.4094,6714.5594,CRITICAL_BREAKDOWN
AUTO_SYSTEM,umath-validation-set-log2.csv,1.10e+00,7138.2534,7137.4034,CRITICAL_BREAKDOWN
AUTO_SYSTEM,umath-validation-set-sin_757.csv,nan,,,DYNAMIC_FLOW
AUTO_SYSTEM,umath-validation-set-sin_835.csv,nan,,,DYNAMIC_FLOW
AUTO_SYSTEM,umath-validation-set-sin.csv,nan,,,DYNAMIC_FLOW
AUTO_SYSTEM,umath-validation-set-sinh_1020.csv,6.93e-01,6895.3369,6894.4869,CRITICAL_BREAKDOWN
AUTO_SYSTEM,umath-validation-set-sinh.csv,6.93e-01,6776.8744,6776.0244,CRITICAL_BREAKDOWN
AUTO_SYSTEM,umath-validation-set-tan_798.csv,1.39e+00,6424.9492,6424.0992,CRITICAL_BREAKDOWN
AUTO_SYSTEM,umath-validation-set-tan_1008.csv,1.39e+00,6461.4952,6460.6452,CRITICAL_BREAKDOWN
AUTO_SYSTEM,umath-validation-set-tan.csv,1.39e+00,6622.7069,6621.8569,CRITICAL_BREAKDOWN
AUTO_SYSTEM,umath-validation-set-tanh.csv,0.00e+00,24470.7502,24469.9002,CRITICAL_BREAKDOWN
AUTO_SYSTEM,wine_data_283.csv,8.14e+02,0.0009,0.8491,DYNAMIC_FLOW
AUTO_SYSTEM,wine_data.csv,8.14e+02,0.0009,0.8491,DYNAMIC_FLOW
AUTO_SYSTEM,y_arma_data_991.csv,2.38e+02,0.071,0.779,DYNAMIC_FLOW
AUTO_SYSTEM,y_arma_data.csv,2.38e+02,0.071,0.779,DYNAMIC_FLOW
AUTO_SYSTEM,yhat_css_c_770.csv,nan,,,DYNAMIC_FLOW
AUTO_SYSTEM,yhat_css_c.csv,nan,,,DYNAMIC_FLOW
AUTO_SYSTEM,yhat_css_nc_403.csv,nan,,,DYNAMIC_FLOW
AUTO_SYSTEM,yhat_css_nc.csv,nan,,,DYNAMIC_FLOW
AUTO_SYSTEM,yhat_exact_c_999.csv,2.36e+02,0.0722,0.7778,DYNAMIC_FLOW
AUTO_SYSTEM,yhat_exact_c.csv,2.36e+02,0.0722,0.7778,DYNAMIC_FLOW
AUTO_SYSTEM,yhat_exact_nc.csv,2.36e+02,0.1166,0.7334,DYNAMIC_FLOW
AUTO_SYSTEM,yhat_poisson_652.csv,3.09e+03,0.3513,0.4987,DYNAMIC_FLOW
AUTO_SYSTEM,yhat_poisson.csv,3.09e+03,0.3513,0.4987,DYNAMIC_FLOW
AUTO_SYSTEM,AUDIT_PIPELINES_1068.csv,3.56e+02,829.8731,829.0231,CRITICAL_BREAKDOWN
AUTO_SYSTEM,bds_data.csv,9.86e+02,0.0001,0.8499,DYNAMIC_FLOW
AUTO_SYSTEM,master_edf_scan.csv,nan,,,DYNAMIC_FLOW
AUTO_SYSTEM,gee_logistic_1_1095.csv,6.86e+01,0.0101,0.8399,DYNAMIC_FLOW
AUTO_SYSTEM,lme10.csv,6.86e+01,0.0102,0.8398,DYNAMIC_FLOW
AUTO_SYSTEM,pcg64-testset-2_1096.csv,6.92e+02,0.001,0.849,DYNAMIC_FLOW
AUTO_SYSTEM,pcg64dxsm-testset-2_1069.csv,6.92e+02,0.001,0.849,DYNAMIC_FLOW
AUTO_SYSTEM,chb_earlywarning_metrics_1179.csv,5.54e+03,0.0001,0.8499,DYNAMIC_FLOW
AUTO_SYSTEM,batch_summary_partial.csv,1.06e+02,108.9674,108.1174,CRITICAL_BREAKDOWN
AUTO_SYSTEM,umath-validation-set-arccos_1103.csv,1.10e+00,6701.0513,6700.2013,CRITICAL_BREAKDOWN
AUTO_SYSTEM,umath-validation-set-exp_1087.csv,nan,,,DYNAMIC_FLOW
AUTO_SYSTEM,umath-validation-set-log10_1120.csv,1.39e+00,6595.4569,6594.6069,CRITICAL_BREAKDOWN
AUTO_SYSTEM,umath-validation-set-log10.csv,1.39e+00,6710.9192,6710.0692,CRITICAL_BREAKDOWN
AUTO_SYSTEM,umath-validation-set-sinh_1080.csv,6.93e-01,6900.0943,6899.2443,CRITICAL_BREAKDOWN
AUTO_SYSTEM,Artemis123_mneLoc.csv,9.92e+01,0.5774,0.2726,DYNAMIC_FLOW
AUTO_SYSTEM,autos_exog_1132.csv,2.08e+01,2713.4871,2712.6371,CRITICAL_BREAKDOWN
AUTO_SYSTEM,fertility_1154.csv,nan,,,DYNAMIC_FLOW
AUTO_SYSTEM,medparlogresids_1145.csv,1.03e+04,0.0313,0.8187,DYNAMIC_FLOW
AUTO_SYSTEM,mt19937-testset-2_1161.csv,6.92e+02,0.001,0.849,DYNAMIC_FLOW
AUTO_SYSTEM,pcg64dxsm-testset-2_1142.csv,6.92e+02,0.001,0.849,DYNAMIC_FLOW
AUTO_SYSTEM,philox-testset-2_1088.csv,6.92e+02,0.001,0.849,DYNAMIC_FLOW
AUTO_SYSTEM,umath-validation-set-arccosh_1164.csv,6.93e-01,6894.7165,6893.8665,CRITICAL_BREAKDOWN
AUTO_SYSTEM,umath-validation-set-arccosh_1182.csv,6.93e-01,6537.8903,6537.0403,CRITICAL_BREAKDOWN
AUTO_SYSTEM,umath-validation-set-arcsin_1140.csv,1.39e+00,6405.8785,6405.0285,CRITICAL_BREAKDOWN
AUTO_SYSTEM,umath-validation-set-arcsinh.csv,6.93e-01,6952.6305,6951.7805,CRITICAL_BREAKDOWN
AUTO_SYSTEM,umath-validation-set-arctanh_1141.csv,6.93e-01,6684.9212,6684.0712,CRITICAL_BREAKDOWN
AUTO_SYSTEM,umath-validation-set-expm1_1153.csv,1.10e+00,6776.1691,6775.3191,CRITICAL_BREAKDOWN
AUTO_SYSTEM,iris_1232.csv,5.02e+01,0.2265,0.6235,DYNAMIC_FLOW
AUTO_SYSTEM,nile.csv,4.43e+02,0.0014,0.8486,DYNAMIC_FLOW
AUTO_SYSTEM,mar_filardo.csv,nan,,,DYNAMIC_FLOW
AUTO_SYSTEM,influence_measures_bool_R.csv,1.39e+02,0.005,0.845,DYNAMIC_FLOW
AUTO_SYSTEM,2016-07-29_1306.csv,nan,,,DYNAMIC_FLOW
AUTO_SYSTEM,umath-validation-set-arctanh_1229.csv,6.93e-01,6884.2713,6883.4213,CRITICAL_BREAKDOWN
AUTO_SYSTEM,umath-validation-set-log10_1205.csv,1.39e+00,6650.4452,6649.5952,CRITICAL_BREAKDOWN
AUTO_SYSTEM,co2_1260.csv,6.14e+03,0.0,0.85,DYNAMIC_FLOW
AUTO_SYSTEM,stata_medpar1_glm.csv,4.97e+03,22.7366,21.8866,CRITICAL_BREAKDOWN
AUTO_SYSTEM,2016-06-29_1192.csv,nan,,,DYNAMIC_FLOW
AUTO_SYSTEM,age_records_1293.csv,5.52e+01,0.0122,0.8378,DYNAMIC_FLOW
AUTO_SYSTEM,age_records.csv,5.52e+01,0.0122,0.8378,DYNAMIC_FLOW
AUTO_SYSTEM,umath-validation-set-log10_1210.csv,1.39e+00,6787.623,6786.773,CRITICAL_BREAKDOWN
AUTO_SYSTEM,bds_data_1246.csv,9.86e+02,0.0001,0.8499,DYNAMIC_FLOW
AUTO_SYSTEM,wine_data_1223.csv,8.14e+02,0.0009,0.8491,DYNAMIC_FLOW
AUTO_SYSTEM,dietox_1258.csv,2.74e+02,0.0005,0.8495,DYNAMIC_FLOW
AUTO_SYSTEM,elec_equip.csv,5.50e+02,0.0163,0.8337,DYNAMIC_FLOW
AUTO_SYSTEM,lasso_data_1328.csv,1.51e+03,0.0013,0.8487,DYNAMIC_FLOW
AUTO_SYSTEM,inventory_EEG_MOTOR.csv,3.50e+03,73.288,72.438,CRITICAL_BREAKDOWN
AUTO_SYSTEM,master_edf_scan_1266.csv,nan,,,DYNAMIC_FLOW
AUTO_SYSTEM,master_ok_1290.csv,4.65e+03,0.0002,0.8498,DYNAMIC_FLOW
AUTO_SYSTEM,mt19937-testset-2_1334.csv,6.92e+02,0.001,0.849,DYNAMIC_FLOW
AUTO_SYSTEM,grunfeld.csv,8.67e+02,0.0005,0.8495,DYNAMIC_FLOW
AUTO_SYSTEM,rand10000_1361.csv,5.27e+03,0.0065,0.8435,DYNAMIC_FLOW
AUTO_SYSTEM,umath-validation-set-arcsinh_1339.csv,6.93e-01,6669.5791,6668.7291,CRITICAL_BREAKDOWN
AUTO_SYSTEM,umath-validation-set-exp2_1351.csv,6.93e-01,6811.9661,6811.1161,CRITICAL_BREAKDOWN
AUTO_SYSTEM,umath-validation-set-expm1_1269.csv,1.10e+00,6505.9924,6505.1424,CRITICAL_BREAKDOWN
AUTO_SYSTEM,star98_1374.csv,2.57e+03,0.0,0.85,DYNAMIC_FLOW
AUTO_SYSTEM,umath-validation-set-log2_1346.csv,1.10e+00,6669.9024,6669.0524,CRITICAL_BREAKDOWN
AUTO_SYSTEM,umath-validation-set-tanh_1316.csv,0.00e+00,24062.2482,24061.3982,CRITICAL_BREAKDOWN
AUTO_SYSTEM,umath-validation-set-tanh_1344.csv,0.00e+00,24181.0185,24180.1685,CRITICAL_BREAKDOWN
AUTO_SYSTEM,age_records_1532.csv,5.52e+01,0.0122,0.8378,DYNAMIC_FLOW
AUTO_SYSTEM,autos_1684.csv,nan,,,DYNAMIC_FLOW
AUTO_SYSTEM,cataneo2_1586.csv,2.78e+04,0.0004,0.8496,DYNAMIC_FLOW
AUTO_SYSTEM,cancer_1579.csv,1.22e+03,0.0,0.85,DYNAMIC_FLOW
AUTO_SYSTEM,engel_1397.csv,1.29e+03,0.0006,0.8494,DYNAMIC_FLOW
AUTO_SYSTEM,elec_equip_1530.csv,5.50e+02,0.0163,0.8337,DYNAMIC_FLOW
AUTO_SYSTEM,cataneo2.csv,2.78e+04,0.0004,0.8496,DYNAMIC_FLOW
AUTO_SYSTEM,dosenbach_2010_1523.csv,1.10e+02,0.0063,0.8437,DYNAMIC_FLOW
AUTO_SYSTEM,grunfeld_1618.csv,8.67e+02,0.0005,0.8495,DYNAMIC_FLOW
AUTO_SYSTEM,gee_linear_1_1602.csv,6.86e+01,0.0101,0.8399,DYNAMIC_FLOW
AUTO_SYSTEM,gee_nested_linear_1_1589.csv,1.38e+02,0.0051,0.8449,DYNAMIC_FLOW
AUTO_SYSTEM,lme01.csv,6.86e+01,0.0102,0.8398,DYNAMIC_FLOW
AUTO_SYSTEM,Artemis123_mneLoc_1647.csv,9.92e+01,0.5774,0.2726,DYNAMIC_FLOW
AUTO_SYSTEM,cubic_cyclic_splines_from_mgcv_1608.csv,2.77e+02,0.0025,0.8475,DYNAMIC_FLOW
AUTO_SYSTEM,cubic_cyclic_splines_from_mgcv.csv,2.77e+02,0.0025,0.8475,DYNAMIC_FLOW
AUTO_SYSTEM,iris_1688.csv,5.00e+01,0.2262,0.6238,DYNAMIC_FLOW
AUTO_SYSTEM,lme01_1454.csv,6.86e+01,0.0102,0.8398,DYNAMIC_FLOW
AUTO_SYSTEM,lme06_1447.csv,6.86e+01,0.0102,0.8398,DYNAMIC_FLOW
AUTO_SYSTEM,lme10_1630.csv,6.86e+01,0.0102,0.8398,DYNAMIC_FLOW
AUTO_SYSTEM,lme11_1439.csv,6.86e+01,0.0101,0.8399,DYNAMIC_FLOW
AUTO_SYSTEM,lme00_1665.csv,6.86e+01,0.0102,0.8398,DYNAMIC_FLOW
AUTO_SYSTEM,logit_gam_mgcv_1487.csv,1.38e+02,0.005,0.845,DYNAMIC_FLOW
AUTO_SYSTEM,macrodata_1513.csv,7.85e+02,0.0001,0.8499,DYNAMIC_FLOW
AUTO_SYSTEM,mar_filardo_1621.csv,nan,,,DYNAMIC_FLOW
AUTO_SYSTEM,inv_gaussian_1683.csv,1.16e+04,0.4813,0.3687,DYNAMIC_FLOW
AUTO_SYSTEM,nile_1455.csv,4.43e+02,0.0014,0.8486,DYNAMIC_FLOW
AUTO_SYSTEM,mt19937-testset-1_1394.csv,6.92e+02,0.001,0.849,DYNAMIC_FLOW
AUTO_SYSTEM,racd10data_with_transformed_1527.csv,2.18e+04,0.0509,0.7991,DYNAMIC_FLOW
AUTO_SYSTEM,umath-validation-set-arctan_1445.csv,1.10e+00,6539.3362,6538.4862,CRITICAL_BREAKDOWN
AUTO_SYSTEM,umath-validation-set-cos_1497.csv,nan,,,DYNAMIC_FLOW
AUTO_SYSTEM,umath-validation-set-cosh_1392.csv,1.10e+00,6685.5383,6684.6883,CRITICAL_BREAKDOWN
AUTO_SYSTEM,umath-validation-set-cosh_1594.csv,1.10e+00,6493.2909,6492.4409,CRITICAL_BREAKDOWN
AUTO_SYSTEM,umath-validation-set-exp_1672.csv,nan,,,DYNAMIC_FLOW
AUTO_SYSTEM,umath-validation-set-exp2_1639.csv,6.93e-01,6973.4839,6972.6339,CRITICAL_BREAKDOWN
AUTO_SYSTEM,umath-validation-set-arccos_1604.csv,1.10e+00,6553.4169,6552.5669,CRITICAL_BREAKDOWN
AUTO_SYSTEM,umath-validation-set-arcsinh_1494.csv,6.93e-01,6764.3532,6763.5032,CRITICAL_BREAKDOWN
AUTO_SYSTEM,umath-validation-set-sin_1566.csv,nan,,,DYNAMIC_FLOW
AUTO_SYSTEM,umath-validation-set-sinh_1625.csv,6.93e-01,6634.1667,6633.3167,CRITICAL_BREAKDOWN
AUTO_SYSTEM,umath-validation-set-tan_1427.csv,1.39e+00,6372.1141,6371.2641,CRITICAL_BREAKDOWN
AUTO_SYSTEM,umath-validation-set-tanh_1495.csv,0.00e+00,24523.3703,24522.5203,CRITICAL_BREAKDOWN
AUTO_SYSTEM,sfc64-testset-1_1676.csv,6.92e+02,0.001,0.849,DYNAMIC_FLOW
AUTO_SYSTEM,sfc64-testset-2_1509.csv,6.92e+02,0.001,0.849,DYNAMIC_FLOW
AUTO_SYSTEM,uci_risk_with_alarms.csv,nan,,,DYNAMIC_FLOW
AUTO_SYSTEM,stata_lbw_glm.csv,3.96e+02,0.0003,0.8497,DYNAMIC_FLOW
AUTO_SYSTEM,stata_medpar1_glm_1673.csv,4.97e+03,22.6317,21.7817,CRITICAL_BREAKDOWN
AUTO_SYSTEM,stata_lbw_glm_1700.csv,3.96e+02,0.0003,0.8497,DYNAMIC_FLOW
AUTO_SYSTEM,sm3533_1713.csv,1.53e+03,0.0139,0.8361,DYNAMIC_FLOW
AUTO_SYSTEM,yhat_exact_nc_1464.csv,2.36e+02,0.1166,0.7334,DYNAMIC_FLOW
AUTO_SYSTEM,sfc64-testset-1_1698.csv,6.92e+02,0.001,0.849,DYNAMIC_FLOW
AR_MODELS&MISSING_DATA_HANDLING,results_wpi1_ar3_matlab_ssm_1027.csv,4.80e+01,0.301,0.549,DYNAMIC_FLOW
AR_MODELS&MISSING_DATA_HANDLING,results_wpi1_ar3_matlab_ssm.csv,4.80e+01,0.301,0.549,DYNAMIC_FLOW
AR_MODELS&MISSING_DATA_HANDLING,results_wpi1_ar3_stata_1040.csv,6.09e+01,0.0209,0.8291,DYNAMIC_FLOW
AR_MODELS&MISSING_DATA_HANDLING,results_wpi1_ar3_stata.csv,6.09e+01,0.0209,0.8291,DYNAMIC_FLOW
AR_MODELS&MISSING_DATA_HANDLING,results_wpi1_missing_ar3_matlab_ssm_966.csv,4.72e+01,0.3075,0.5425,DYNAMIC_FLOW
AR_MODELS&MISSING_DATA_HANDLING,results_wpi1_missing_ar3_matlab_ssm.csv,4.72e+01,0.3075,0.5425,DYNAMIC_FLOW
GROUP_STATS,results_intercepts_R.csv,7.74e+02,0.0023,0.8477,DYNAMIC_FLOW
GROUP_STATS,results_kde_fft_593.csv,1.22e+00,3.3758,2.5258,CRITICAL_BREAKDOWN
GROUP_STATS,results_kde_fft.csv,1.22e+00,3.3769,2.5269,CRITICAL_BREAKDOWN
GROUP_STATS,results_kde.csv,4.10e+00,6.2471,5.3971,CRITICAL_BREAKDOWN
GROUP_STATS,results_tweedie_aweights_nonrobust.csv,4.16e+03,1.2222,0.3722,CRITICAL_BREAKDOWN
GROUP_STATS,rgnpq_983.csv,1.86e+00,0.7137,0.1363,DYNAMIC_FLOW
GROUP_STATS,rgnpq.csv,1.86e+00,0.7137,0.1363,DYNAMIC_FLOW
GROUP_STATS,siena_PN_segments_120s_MAX20_stream_989.csv,5.81e+02,0.0004,0.8496,DYNAMIC_FLOW
GROUP_STATS,siena_PN_segments_120s_MAX20_stream.csv,5.81e+02,0.0004,0.8496,DYNAMIC_FLOW
GROUP_STATS,siena_PN_segments_120s_STEP2_stream_1049.csv,6.82e+02,0.0003,0.8497,DYNAMIC_FLOW
GROUP_STATS,siena_PN_segments_120s_STEP2_stream.csv,6.82e+02,0.0003,0.8497,DYNAMIC_FLOW
GROUP_STATS,batch_summary_final_1336.csv,1.06e+02,113.8302,112.9802,CRITICAL_BREAKDOWN
GROUP_STATS,formula_test_all_20260215_100355_1491.csv,1.84e+03,0.0025,0.8475,DYNAMIC_FLOW
seizure&windows,umath-validation-set-arcsinh_1714.csv,6.93e-01,6780.2878,6779.4378,CRITICAL_BREAKDOWN
seizure&windows,umath-validation-set-exp_1699.csv,nan,,,DYNAMIC_FLOW
seizure&windows,umath-validation-set-log_1733.csv,nan,,,DYNAMIC_FLOW
seizure&windows,windows_labeled_268.csv,3.30e+03,0.0001,0.8499,DYNAMIC_FLOW
seizure&windows,windows_labeled_666.csv,3.30e+03,0.0001,0.8499,DYNAMIC_FLOW
seizure&windows,windows_labeled.csv,3.30e+03,0.0001,0.8499,DYNAMIC_FLOW
seizure&windows,windows_scored_preictal_index_150.csv,3.30e+03,0.0001,0.8499,DYNAMIC_FLOW
seizure&windows,windows_scored_preictal_index_244.csv,3.30e+03,0.0001,0.8499,DYNAMIC_FLOW
seizure&windows,windows_scored_preictal_index_553.csv,3.30e+03,0.0001,0.8499,DYNAMIC_FLOW
seizure&windows,windows_scored_preictal_index_1016.csv,3.30e+03,0.0001,0.8499,DYNAMIC_FLOW
seizure&windows,windows_scored_preictal_index.csv,3.30e+03,0.0001,0.8499,DYNAMIC_FLOW
Robustness_Checks,batch_rank_by_consistency_1432.csv,1.47e+02,103.4967,102.6467,CRITICAL_BREAKDOWN
Robustness_Checks,batch_summary_partial_1731.csv,1.06e+02,107.9422,107.0922,CRITICAL_BREAKDOWN
DATASET_SPECIFIC_RESULTS,neurocore_full_dataset_audit.csv,3.53e+01,126.4396,125.5896,CRITICAL_BREAKDOWN
NEUROCORE_IRCCS_INDEX,inventory_full.csv,1.59e+02,96.1485,95.2985,CRITICAL_BREAKDOWN
PURSUE_LRP_ERN_Flanker,robotics_control_table.csv,1.13e+02,0.0061,0.8439,DYNAMIC_FLOW
Face_Processing,ds002718_faceproc_20260222_093430__ERP_WINDOW_FEATURES.csv,4.35e+02,0.0541,0.7959,DYNAMIC_FLOW
Face_Processing,ds002718_faceproc_20260222_093430__EVENTS_COUNTS.csv,4.35e+02,0.0106,0.8394,DYNAMIC_FLOW
India+Tanzania,INDIA__df_z.csv,nan,,,DYNAMIC_FLOW
India+Tanzania,INDIA__Z.csv,5.03e+03,22156.3687,22155.5187,CRITICAL_BREAKDOWN
India+Tanzania,INDIA__subset.csv,2.32e+03,22243.3283,22242.4783,CRITICAL_BREAKDOWN
India+Tanzania,INDIA__top_windows.csv,nan,,,DYNAMIC_FLOW
India+Tanzania,INDIA__df0.csv,nan,,,DYNAMIC_FLOW
India+Tanzania,INDIA__df_z__dup__1771539594.csv,nan,,,DYNAMIC_FLOW
India+Tanzania,INDIA__Z__dup__1771539594.csv,5.03e+03,22153.5565,22152.7065,CRITICAL_BREAKDOWN
India+Tanzania,INDIA__subset__dup__1771539614.csv,2.32e+03,22247.8236,22246.9736,CRITICAL_BREAKDOWN
India+Tanzania,INDIA__top_windows__dup__1771539632.csv,nan,,,DYNAMIC_FLOW
India+Tanzania,INDIA__df0__dup__1771539632.csv,nan,,,DYNAMIC_FLOW
MDD,lme03_1720.csv,6.86e+01,0.0103,0.8397,DYNAMIC_FLOW
MDD,mstl_test_results_1493.csv,1.95e+04,0.0002,0.8498,DYNAMIC_FLOW
CHBMIT,chb_earlywarning_metrics_703.csv,5.54e+03,0.0001,0.8499,DYNAMIC_FLOW
CHBMIT,chb_earlywarning_metrics.csv,5.54e+03,0.0001,0.8499,DYNAMIC_FLOW
CHBMIT,chb_ictal_features_300.csv,2.33e+05,0.0001,0.8499,DYNAMIC_FLOW
CHBMIT,chb_ictal_features_338.csv,2.33e+05,0.0001,0.8499,DYNAMIC_FLOW
CHBMIT,chb_ictal_features_530.csv,2.33e+05,0.0001,0.8499,DYNAMIC_FLOW
CHBMIT,chb_ictal_features_874.csv,1.75e+05,0.0001,0.8499,DYNAMIC_FLOW
CHBMIT,chb_ictal_features_881.csv,2.33e+05,0.0001,0.8499,DYNAMIC_FLOW
CHBMIT,chb_ictal_features.csv,2.33e+05,0.0001,0.8499,DYNAMIC_FLOW
CHBMIT,chb_preictal_baseline_ready_425.csv,5.54e+03,0.0001,0.8499,DYNAMIC_FLOW
CHBMIT,chb_preictal_baseline_ready_569.csv,5.54e+03,0.0001,0.8499,DYNAMIC_FLOW
CHBMIT,chb_preictal_baseline_ready_613.csv,nan,,,DYNAMIC_FLOW
CHBMIT,chb_preictal_baseline_ready.csv,5.54e+03,0.0001,0.8499,DYNAMIC_FLOW
CHBMIT,chb_window_timeseries_sample_141.csv,3.23e+02,0.0016,0.8484,DYNAMIC_FLOW
CHBMIT,chb_window_timeseries_sample_180.csv,3.23e+02,0.0016,0.8484,DYNAMIC_FLOW
CHBMIT,chb_window_timeseries_sample_404.csv,3.23e+02,0.0016,0.8484,DYNAMIC_FLOW
CHBMIT,chb_window_timeseries_sample_431.csv,3.23e+02,0.0016,0.8484,DYNAMIC_FLOW
CHBMIT,chb_window_timeseries_sample_632.csv,3.23e+02,0.0016,0.8484,DYNAMIC_FLOW
CHBMIT,chb_window_timeseries_sample_735.csv,3.23e+02,0.0016,0.8484,DYNAMIC_FLOW
CHBMIT,chb_window_timeseries_sample_1024.csv,3.23e+02,0.0016,0.8484,DYNAMIC_FLOW
CHBMIT,chb_window_timeseries_sample.csv,3.23e+02,0.0016,0.8484,DYNAMIC_FLOW
CHBMIT,chb02_17_delta_corr_timeseries_167.csv,1.28e+03,0.0003,0.8497,DYNAMIC_FLOW
CHBMIT,chb02_17_delta_corr_timeseries_224.csv,1.28e+03,0.0003,0.8497,DYNAMIC_FLOW
CHBMIT,chb02_17_delta_corr_timeseries_272.csv,1.28e+03,0.0003,0.8497,DYNAMIC_FLOW
CHBMIT,chb02_17_delta_corr_timeseries_1065.csv,1.28e+03,0.0003,0.8497,DYNAMIC_FLOW
CHBMIT,chb02_17_delta_corr_timeseries.csv,1.28e+03,0.0003,0.8497,DYNAMIC_FLOW
CHBMIT,chb03_chb03_01_functional_stability_stepC_dyn_216.csv,6.40e+02,0.0006,0.8494,DYNAMIC_FLOW
CHBMIT,chb03_chb03_01_functional_stability_stepC_dyn_322.csv,6.40e+02,0.0006,0.8494,DYNAMIC_FLOW
CHBMIT,chb03_chb03_01_functional_stability_stepC_dyn_335.csv,6.40e+02,0.0006,0.8494,DYNAMIC_FLOW
CHBMIT,chb03_chb03_01_functional_stability_stepC_dyn_669.csv,6.40e+02,0.0006,0.8494,DYNAMIC_FLOW
CHBMIT,chb03_chb03_01_functional_stability_stepC_dyn_865.csv,6.40e+02,0.0006,0.8494,DYNAMIC_FLOW
CHBMIT,chb03_chb03_01_functional_stability_stepC_dyn_948.csv,6.40e+02,0.0006,0.8494,DYNAMIC_FLOW
CHBMIT,chb03_chb03_01_functional_stability_stepC_dyn.csv,6.40e+02,0.0006,0.8494,DYNAMIC_FLOW
CHBMIT,chb03_chb03_01_functional_stability_stepC_entropy_199.csv,6.41e+02,0.0006,0.8494,DYNAMIC_FLOW
CHBMIT,chb03_chb03_01_functional_stability_stepC_entropy_276.csv,6.41e+02,0.0006,0.8494,DYNAMIC_FLOW
CHBMIT,chb03_chb03_01_functional_stability_stepC_entropy_367.csv,6.41e+02,0.0006,0.8494,DYNAMIC_FLOW
CHBMIT,chb03_chb03_01_functional_stability_stepC_entropy_385.csv,6.41e+02,0.0006,0.8494,DYNAMIC_FLOW
CHBMIT,chb03_chb03_01_functional_stability_stepC_entropy_676.csv,6.41e+02,0.0006,0.8494,DYNAMIC_FLOW
CHBMIT,chb03_chb03_01_functional_stability_stepC_entropy_720.csv,6.41e+02,0.0006,0.8494,DYNAMIC_FLOW
CHBMIT,chb03_chb03_01_functional_stability_stepC_entropy_727.csv,6.41e+02,0.0006,0.8494,DYNAMIC_FLOW
CHBMIT,chb03_chb03_01_functional_stability_stepC_entropy_900.csv,6.41e+02,0.0006,0.8494,DYNAMIC_FLOW
CHBMIT,chb03_chb03_01_functional_stability_stepC_entropy.csv,6.41e+02,0.0006,0.8494,DYNAMIC_FLOW
CHBMIT,chb03_chb03_01_functional_stability_stepC_FSI_t_211.csv,6.40e+02,0.0006,0.8494,DYNAMIC_FLOW
CHBMIT,chb03_chb03_01_functional_stability_stepC_FSI_t_294.csv,6.40e+02,0.0006,0.8494,DYNAMIC_FLOW
CHBMIT,chb03_chb03_01_functional_stability_stepC_FSI_t_395.csv,6.40e+02,0.0006,0.8494,DYNAMIC_FLOW
CHBMIT,chb03_chb03_01_functional_stability_stepC_FSI_t_396.csv,6.40e+02,0.0006,0.8494,DYNAMIC_FLOW
CHBMIT,chb03_chb03_01_functional_stability_stepC_FSI_t_429.csv,6.40e+02,0.0006,0.8494,DYNAMIC_FLOW
CHBMIT,chb03_chb03_01_functional_stability_stepC_FSI_t_549.csv,6.40e+02,0.0006,0.8494,DYNAMIC_FLOW
CHBMIT,chb03_chb03_01_functional_stability_stepC_FSI_t_612.csv,6.40e+02,0.0006,0.8494,DYNAMIC_FLOW
CHBMIT,chb03_chb03_01_functional_stability_stepC_FSI_t_698.csv,6.40e+02,0.0006,0.8494,DYNAMIC_FLOW
CHBMIT,chb03_chb03_01_functional_stability_stepC_FSI_t_759.csv,6.40e+02,0.0006,0.8494,DYNAMIC_FLOW
CHBMIT,chb03_chb03_01_functional_stability_stepC_FSI_t_1060.csv,6.40e+02,0.0006,0.8494,DYNAMIC_FLOW
CHBMIT,chb03_chb03_01_functional_stability_stepC_FSI_t.csv,6.40e+02,0.0006,0.8494,DYNAMIC_FLOW
CHBMIT,transitions_336.csv,5.22e+02,0.0001,0.8499,DYNAMIC_FLOW
CHBMIT,chb_ictal_features_1094.csv,2.33e+05,0.0001,0.8499,DYNAMIC_FLOW
CHBMIT,chb_window_timeseries_sample_1097.csv,3.23e+02,0.0016,0.8484,DYNAMIC_FLOW
CHBMIT,chb02_17_delta_corr_timeseries_1119.csv,1.28e+03,0.0003,0.8497,DYNAMIC_FLOW
CHBMIT,chb02_17_delta_corr_timeseries_1122.csv,1.28e+03,0.0003,0.8497,DYNAMIC_FLOW
CHBMIT,epil.csv,1.63e+02,0.0042,0.8458,DYNAMIC_FLOW
CHBMIT,chb_ictal_features_1187.csv,2.33e+05,0.0001,0.8499,DYNAMIC_FLOW
CHBMIT,chb03_chb03_01_functional_stability_stepC_entropy_1172.csv,6.41e+02,0.0006,0.8494,DYNAMIC_FLOW
CHBMIT,chb_window_timeseries_sample_1282.csv,3.23e+02,0.0016,0.8484,DYNAMIC_FLOW
CHBMIT,chb03_chb03_01_functional_stability_stepC_dyn_1264.csv,6.40e+02,0.0006,0.8494,DYNAMIC_FLOW
CHBMIT,chb03_chb03_01_functional_stability_stepC_dyn_1322.csv,6.40e+02,0.0006,0.8494,DYNAMIC_FLOW
CHBMIT,chb03_chb03_01_functional_stability_stepC_dyn_1356.csv,6.40e+02,0.0006,0.8494,DYNAMIC_FLOW
CHBMIT,chb03_chb03_01_functional_stability_stepC_FSI_t_1250.csv,6.40e+02,0.0006,0.8494,DYNAMIC_FLOW
CHBMIT,epil_1196.csv,1.63e+02,0.0042,0.8458,DYNAMIC_FLOW
CHBMIT,windows_labeled_1349.csv,3.30e+03,0.0001,0.8499,DYNAMIC_FLOW
CHBMIT,windows_scored_preictal_index_1294.csv,3.30e+03,0.0001,0.8499,DYNAMIC_FLOW
CHBMIT,windows_scored_preictal_index_1348.csv,3.30e+03,0.0001,0.8499,DYNAMIC_FLOW
CHBMIT,chb_preictal_baseline_ready_1453.csv,5.54e+03,0.0001,0.8499,DYNAMIC_FLOW
CHBMIT,chb_preictal_baseline_ready_1541.csv,5.54e+03,0.0001,0.8499,DYNAMIC_FLOW
CHBMIT,chb02_17_delta_corr_timeseries_1554.csv,1.28e+03,0.0003,0.8497,DYNAMIC_FLOW
CHBMIT,chb02_17_delta_corr_timeseries_1565.csv,1.28e+03,0.0003,0.8497,DYNAMIC_FLOW
CHBMIT,chb02_17_delta_corr_timeseries_1590.csv,1.28e+03,0.0003,0.8497,DYNAMIC_FLOW
CHBMIT,chb03_chb03_01_functional_stability_stepC_dyn_1480.csv,6.40e+02,0.0006,0.8494,DYNAMIC_FLOW
CHBMIT,chb03_chb03_01_functional_stability_stepC_dyn_1616.csv,6.40e+02,0.0006,0.8494,DYNAMIC_FLOW
CHBMIT,chb03_chb03_01_functional_stability_stepC_entropy_1629.csv,6.41e+02,0.0006,0.8494,DYNAMIC_FLOW
CHBMIT,chb03_chb03_01_functional_stability_stepC_entropy_1653.csv,6.41e+02,0.0006,0.8494,DYNAMIC_FLOW
CHBMIT,chb03_chb03_01_functional_stability_stepC_FSI_t_1444.csv,6.40e+02,0.0006,0.8494,DYNAMIC_FLOW
CHBMIT,chb03_chb03_01_functional_stability_stepC_FSI_t_1558.csv,6.40e+02,0.0006,0.8494,DYNAMIC_FLOW
CHBMIT,chb_earlywarning_metrics_1710.csv,5.54e+03,0.0001,0.8499,DYNAMIC_FLOW
CHBMIT,windows_scored_preictal_index_1619.csv,3.30e+03,0.0001,0.8499,DYNAMIC_FLOW
CHBMIT,windows_scored_preictal_index_1690.csv,3.30e+03,0.0001,0.8499,DYNAMIC_FLOW
CHBMIT,windows_scored_preictal_index_1600.csv,3.30e+03,0.0001,0.8499,DYNAMIC_FLOW
CHBMIT,windows_labeled_1511.csv,3.30e+03,0.0001,0.8499,DYNAMIC_FLOW
CHB_PRE_vs_INTER_20260218_133447,windows_labeled.csv,3.30e+03,0.0001,0.8499,DYNAMIC_FLOW
CHB_PRE_vs_INTER_20260218_133447,windows_scored_preictal_index.csv,3.30e+03,0.0001,0.8499,DYNAMIC_FLOW
CHB_PRED_20260218_121717,chb_window_timeseries_sample.csv,3.23e+02,0.0016,0.8484,DYNAMIC_FLOW
outputs_chbmit,chb02_17_delta_corr_timeseries.csv,1.28e+03,0.0003,0.8497,DYNAMIC_FLOW
chb03,chb03_chb03_01_functional_stability_stepC_dyn.csv,6.40e+02,0.0006,0.8494,DYNAMIC_FLOW
chb03,chb03_chb03_01_functional_stability_stepC_entropy.csv,6.41e+02,0.0006,0.8494,DYNAMIC_FLOW
chb03,chb03_chb03_01_functional_stability_stepC_FSI_t.csv,6.40e+02,0.0006,0.8494,DYNAMIC_FLOW
EEG_Siena_Scalp,siena_PN_segments_120s_MAX20_stream.csv,5.81e+02,0.0004,0.8496,DYNAMIC_FLOW
EEG_Siena_Scalp,siena_PN_segments_120s_STEP2_stream.csv,6.82e+02,0.0003,0.8497,DYNAMIC_FLOW
RNS_Epilepsy-iBIDS,RNS_DETECTED_SIGNALS.csv,4.89e+03,402.3485,401.4985,CRITICAL_BREAKDOWN
EEGMMIDB,motorcycle.csv,3.38e+02,0.0063,0.8437,DYNAMIC_FLOW
EEGMMIDB,motorcycle_616.csv,3.38e+02,0.0063,0.8437,DYNAMIC_FLOW
EEGMMIDB,inventory_EEG_MOTOR.csv,3.50e+03,70.7571,69.9071,CRITICAL_BREAKDOWN
EEGMMIDB,inventory_EEG_MOTOR__1771539332.csv,3.50e+03,71.8643,71.0143,CRITICAL_BREAKDOWN
EEGMMIDB,inventory_EEG_MOTOR__1771539333.csv,3.50e+03,71.549,70.699,CRITICAL_BREAKDOWN
Hypoalgesia_ds006902,NeuroCore_fNIRS_metrics_v5_1.csv,7.35e+03,0.0002,0.8498,DYNAMIC_FLOW
FEATURES_ENGINE_RAW,framing_1648.csv,1.83e+02,0.0038,0.8462,DYNAMIC_FLOW
FEATURES_ENGINE_RAW,resids_exact_nc_1559.csv,1.82e+02,0.2121,0.6379,DYNAMIC_FLOW
FEATURES_ENGINE_RAW,results_predict_rgnp_1448.csv,nan,,,DYNAMIC_FLOW
statistical_tests,pcg64-testset-1_1443.csv,6.92e+02,0.001,0.849,DYNAMIC_FLOW
statistical_tests,pcg64-testset-1_1504.csv,6.92e+02,0.001,0.849,DYNAMIC_FLOW
statistical_tests,pcg64-testset-2_1546.csv,6.92e+02,0.001,0.849,DYNAMIC_FLOW
statistical_tests,pcg64dxsm-testset-2_1498.csv,6.92e+02,0.001,0.849,DYNAMIC_FLOW
SIGNATURE_CORE,influence_measures_bool_R_1695.csv,1.39e+02,0.005,0.845,DYNAMIC_FLOW
Signature_summary,signaturelab_summary_313.csv,3.00e+00,930.4012,929.5512,CRITICAL_BREAKDOWN
Signature_summary,signaturelab_summary_754.csv,3.00e+00,957.0182,956.1682,CRITICAL_BREAKDOWN
Signature_summary,signaturelab_summary_820.csv,3.00e+00,949.1846,948.3346,CRITICAL_BREAKDOWN
Signature_summary,signaturelab_summary_822.csv,3.00e+00,969.9609,969.1109,CRITICAL_BREAKDOWN
Signature_summary,signaturelab_summary_1202.csv,3.00e+00,967.7978,966.9478,CRITICAL_BREAKDOWN
DYNAMICS_ENGINE,transition_early_warning_series.csv,5.75e+01,10.4622,9.6122,CRITICAL_BREAKDOWN
signature_with_FSI,signaturelab_with_FSI copia.csv,5.02e+01,37.06,36.21,CRITICAL_BREAKDOWN
signature_with_FSI,signaturelab_with_FSI_440.csv,5.02e+01,37.0003,36.1503,CRITICAL_BREAKDOWN
signature_with_FSI,signaturelab_with_FSI_470.csv,5.02e+01,36.9725,36.1225,CRITICAL_BREAKDOWN
signature_with_FSI,signaturelab_with_FSI_477.csv,5.02e+01,36.9356,36.0856,CRITICAL_BREAKDOWN
signature_with_FSI,signaturelab_with_FSI_578.csv,5.02e+01,36.9216,36.0716,CRITICAL_BREAKDOWN
signature_with_FSI,signaturelab_with_FSI_780.csv,5.02e+01,37.0466,36.1966,CRITICAL_BREAKDOWN
signature_with_FSI,signaturelab_with_FSI_812.csv,5.02e+01,37.329,36.479,CRITICAL_BREAKDOWN
signature_with_FSI,signaturelab_with_FSI_918.csv,5.02e+01,37.2079,36.3579,CRITICAL_BREAKDOWN
signature_with_FSI,signaturelab_with_FSI_1560.csv,5.02e+01,37.2543,36.4043,CRITICAL_BREAKDOWN
signature_with_FSI,signaturelab_with_FSI_1595.csv,5.02e+01,37.3055,36.4555,CRITICAL_BREAKDOWN
signature_with_FSI,signaturelab_with_FSI.csv,5.02e+01,37.0887,36.2387,CRITICAL_BREAKDOWN
regime&transitions,transitions_1449.csv,5.22e+02,0.0001,0.8499,DYNAMIC_FLOW
regime&transitions,transitions_1526.csv,5.22e+02,0.0001,0.8499,DYNAMIC_FLOW
regime&transitions,transitions.csv,5.22e+02,0.0001,0.8499,DYNAMIC_FLOW
PREDICTION_ENGINE,top_critical_windows.csv,nan,,,DYNAMIC_FLOW
prediction_outputs,prediction_from_mgcv_1646.csv,6.92e+02,0.001,0.849,DYNAMIC_FLOW
prediction_outputs,prediction_from_mgcv.csv,6.92e+02,0.001,0.849,DYNAMIC_FLOW
MODEL_OUTPUTS,B_instability_index.csv,nan,,,DYNAMIC_FLOW
MODEL_OUTPUTS,batch_rank_by_consistency.csv,1.47e+02,118.4591,117.6091,CRITICAL_BREAKDOWN
MODEL_OUTPUTS,E6_853.csv,1.80e+01,0.038,0.812,DYNAMIC_FLOW
MODEL_OUTPUTS,E6.csv,1.80e+01,0.038,0.812,DYNAMIC_FLOW
MODEL_OUTPUTS,factor_data_789.csv,9.25e+01,0.1701,0.6799,DYNAMIC_FLOW
MODEL_OUTPUTS,factor_data.csv,9.25e+01,0.1701,0.6799,DYNAMIC_FLOW
MODEL_OUTPUTS,factors_stata_1032.csv,1.06e+02,0.1309,0.7191,DYNAMIC_FLOW
MODEL_OUTPUTS,factors_stata.csv,1.06e+02,0.1309,0.7191,DYNAMIC_FLOW
MODEL_OUTPUTS,gam_PIRLS_results_681.csv,6.86e+01,0.01,0.84,DYNAMIC_FLOW
MODEL_OUTPUTS,gam_PIRLS_results.csv,6.86e+01,0.01,0.84,DYNAMIC_FLOW
MODEL_OUTPUTS,gee_logistic_1.csv,6.86e+01,0.0101,0.8399,DYNAMIC_FLOW
MODEL_OUTPUTS,gee_nested_linear_1.csv,1.38e+02,0.0051,0.8449,DYNAMIC_FLOW
MODEL_OUTPUTS,gee_nominal_1_494.csv,1.38e+02,0.005,0.845,DYNAMIC_FLOW
MODEL_OUTPUTS,gee_nominal_1.csv,1.38e+02,0.005,0.845,DYNAMIC_FLOW
MODEL_OUTPUTS,gee_ordinal_1_964.csv,1.38e+02,0.005,0.845,DYNAMIC_FLOW
MODEL_OUTPUTS,gee_ordinal_1.csv,1.38e+02,0.005,0.845,DYNAMIC_FLOW
MODEL_OUTPUTS,gee_poisson_1.csv,6.86e+01,0.0101,0.8399,DYNAMIC_FLOW
MODEL_OUTPUTS,igaussident_resids_945.csv,4.99e+03,0.1755,0.6745,DYNAMIC_FLOW
MODEL_OUTPUTS,igaussident_resids.csv,4.99e+03,0.1757,0.6743,DYNAMIC_FLOW
MODEL_OUTPUTS,influence_measures_R_946.csv,1.39e+02,0.005,0.845,DYNAMIC_FLOW
MODEL_OUTPUTS,influence_measures_R.csv,1.39e+02,0.005,0.845,DYNAMIC_FLOW
MODEL_OUTPUTS,inv_gaussian.csv,1.16e+04,0.4814,0.3686,DYNAMIC_FLOW
MODEL_OUTPUTS,lasso_data.csv,1.51e+03,0.0013,0.8487,DYNAMIC_FLOW
MODEL_OUTPUTS,lme09.csv,6.86e+01,0.0101,0.8399,DYNAMIC_FLOW
MODEL_OUTPUTS,logit_gam_mgcv.csv,1.38e+02,0.005,0.845,DYNAMIC_FLOW
MODEL_OUTPUTS,medparlogresids.csv,1.03e+04,0.0314,0.8186,DYNAMIC_FLOW
MODEL_OUTPUTS,mstl_test_results.csv,1.95e+04,0.0002,0.8498,DYNAMIC_FLOW
MODEL_OUTPUTS,ologit_ucla_861.csv,1.38e+02,0.6067,0.2433,DYNAMIC_FLOW
MODEL_OUTPUTS,ologit_ucla.csv,1.38e+02,0.6067,0.2433,DYNAMIC_FLOW
MODEL_OUTPUTS,resids_css_c.csv,nan,,,DYNAMIC_FLOW
MODEL_OUTPUTS,resids_css_nc_305.csv,1.82e+02,0.2118,0.6382,DYNAMIC_FLOW
MODEL_OUTPUTS,resids_css_nc.csv,1.82e+02,0.2118,0.6382,DYNAMIC_FLOW
MODEL_OUTPUTS,resids_exact_nc.csv,1.82e+02,0.2121,0.6379,DYNAMIC_FLOW
MODEL_OUTPUTS,gee_linear_1.csv,6.86e+01,0.0101,0.8399,DYNAMIC_FLOW
MODEL_OUTPUTS,gee_poisson_1_1240.csv,6.86e+01,0.0101,0.8399,DYNAMIC_FLOW
MODEL_OUTPUTS,fair_1307.csv,1.12e+04,647.2012,646.3512,CRITICAL_BREAKDOWN
MODEL_OUTPUTS,results_kde_1262.csv,4.10e+00,6.0405,5.1905,CRITICAL_BREAKDOWN
MODEL_OUTPUTS,test_lowess_delta_1304.csv,3.38e+02,0.0063,0.8437,DYNAMIC_FLOW
MODEL_OUTPUTS,enet_poisson.csv,1.42e+02,33.4783,32.6283,CRITICAL_BREAKDOWN
MODEL_OUTPUTS,enet_poisson_1574.csv,1.42e+02,36.6998,35.8498,CRITICAL_BREAKDOWN
PREDICTIONS,ARMLEConstantPredict_134.csv,2.30e+02,0.003,0.847,DYNAMIC_FLOW
PREDICTIONS,ARMLEConstantPredict.csv,2.30e+02,0.003,0.847,DYNAMIC_FLOW
CHANNEL_MAPS,Artemis123_ChannelMap_550.csv,nan,,,DYNAMIC_FLOW
CHANNEL_MAPS,Artemis123_ChannelMap_854.csv,nan,,,DYNAMIC_FLOW
CHANNEL_MAPS,Artemis123_ChannelMap.csv,nan,,,DYNAMIC_FLOW
CHANNEL_MAPS,Artemis123_mneLoc_1350.csv,9.92e+01,0.5774,0.2726,DYNAMIC_FLOW
formula_test_2026-02-15_10-12-02,formula_test_all_20260215_100355.csv,1.84e+03,0.0025,0.8475,DYNAMIC_FLOW
formula_test_2026-02-15_10-12-02,formula_test_all_20260215_100355.csv,1.84e+03,0.0025,0.8475,DYNAMIC_FLOW
CSV,NeuroCore_SIGMA_batch.csv,7.75e+03,0.2755,0.5745,DYNAMIC_FLOW
CSV,NeuroCore_IRCCS_CSP.csv,nan,,,DYNAMIC_FLOW
CSV,02_Heart_Rate_Dynamics.csv,3.66e+03,0.0604,0.7896,DYNAMIC_FLOW
CSV,03_Neural_Network_Weights.csv,2.72e+03,1.9617,1.1117,CRITICAL_BREAKDOWN
CSV,04_Stock_Market_Volatility.csv,4.15e+02,0.0023,0.8477,DYNAMIC_FLOW
CSV,06_Global_Entropy_Signal.csv,6.79e+02,0.0334,0.8166,DYNAMIC_FLOW
CSV,07_Seismic_Vibrations.csv,6.04e+03,0.0079,0.8421,DYNAMIC_FLOW
CSV,08_Atmospheric_Flux.csv,3.56e+02,0.0322,0.8178,DYNAMIC_FLOW
CSV,09_Neuro_Spike_Train_Proxy.csv,3.48e+01,0.023,0.827,DYNAMIC_FLOW
CSV,NeuroCore_fNIRS_metrics_v5_1.csv,7.35e+03,0.0002,0.8498,DYNAMIC_FLOW
dataset_B_Lorenz,lorenz_normal_train.csv,2.99e+02,0.056,0.794,DYNAMIC_FLOW
dataset_B_Lorenz,lorenz_transition_test.csv,2.47e+03,0.0076,0.8424,DYNAMIC_FLOW
dataset_B_Lorenz,lorenz_transition_val.csv,1.37e+03,0.0117,0.8383,DYNAMIC_FLOW
KS_Official,X1test_timesteps.csv,2.46e+01,0.04,0.81,DYNAMIC_FLOW
KS_Official,X2test_timesteps.csv,6.93e+03,0.0001,0.8499,DYNAMIC_FLOW
KS_Official,X3test_timesteps.csv,6.92e+02,0.001,0.849,DYNAMIC_FLOW
KS_Official,X4test_timesteps.csv,6.93e+03,0.0001,0.8499,DYNAMIC_FLOW
KS_Official,X5test_timesteps.csv,6.92e+02,0.001,0.849,DYNAMIC_FLOW
KS_Official,X6test_timesteps.csv,6.92e+02,0.001,0.849,DYNAMIC_FLOW
KS_Official,X7test_timesteps.csv,6.92e+02,0.001,0.849,DYNAMIC_FLOW
KS_Official,X8test_timesteps.csv,6.92e+02,0.001,0.849,DYNAMIC_FLOW
KS_Official,X9test_timesteps.csv,6.92e+02,0.001,0.849,DYNAMIC_FLOW
Results_validation_data,test_eeg.csv,nan,,,DYNAMIC_FLOW
ASHI_test2,test_eeg.csv,nan,,,DYNAMIC_FLOW
TEST,dati_tempesta_solare.csv,1.77e+04,0.0035,0.8465,DYNAMIC_FLOW
TEST,e4f8f5d1-4e08-484a-a659-4b22464b2cb6.csv,6.72e+02,0.001,0.849,DYNAMIC_FLOW
ASHI_CORE_FINAL_REPORT,CROSS_VALIDATION_PERCOLATION.csv,1.56e+03,0.0005,0.8495,DYNAMIC_FLOW
ASHI_CORE_FINAL_REPORT,FINAL_CROSS_DOMAIN_STABILITY_REPORT.csv,1.56e+03,0.0005,0.8495,DYNAMIC_FLOW
ASHI_CORE_FINAL_REPORT,PERCOLATION_REPORT_SIG.csv,1.56e+03,0.0005,0.8495,DYNAMIC_FLOW
_neurocore_full_analysis,discovery_map.csv,1.33e+03,0.0333,0.8167,DYNAMIC_FLOW
_neurocore_full_analysis,neurocore_full_dataset_audit.csv,3.53e+01,124.2015,123.3515,CRITICAL_BREAKDOWN
_cross_dataset_validation_neurocore,schema_inspection_report.csv,nan,,,DYNAMIC_FLOW
India+Tanzania,INDIA__df_z.csv,nan,,,DYNAMIC_FLOW
India+Tanzania,INDIA__Z.csv,5.03e+03,22183.983,22183.133,CRITICAL_BREAKDOWN
India+Tanzania,INDIA__subset.csv,2.32e+03,22281.0455,22280.1955,CRITICAL_BREAKDOWN
India+Tanzania,INDIA__top_windows.csv,nan,,,DYNAMIC_FLOW
India+Tanzania,INDIA__df0.csv,nan,,,DYNAMIC_FLOW
India+Tanzania,INDIA__df_z__dup__1771539594.csv,nan,,,DYNAMIC_FLOW
India+Tanzania,INDIA__Z__dup__1771539594.csv,5.03e+03,22198.8715,22198.0215,CRITICAL_BREAKDOWN
India+Tanzania,INDIA__subset__dup__1771539614.csv,2.32e+03,22281.878,22281.028,CRITICAL_BREAKDOWN
India+Tanzania,INDIA__top_windows__dup__1771539632.csv,nan,,,DYNAMIC_FLOW
India+Tanzania,INDIA__df0__dup__1771539632.csv,nan,,,DYNAMIC_FLOW
MDD,lme03_1720.csv,6.86e+01,0.0103,0.8397,DYNAMIC_FLOW
MDD,mstl_test_results_1493.csv,1.95e+04,0.0002,0.8498,DYNAMIC_FLOW
CHBMIT,chb_earlywarning_metrics_703.csv,5.54e+03,0.0001,0.8499,DYNAMIC_FLOW
CHBMIT,chb_earlywarning_metrics.csv,5.54e+03,0.0001,0.8499,DYNAMIC_FLOW
CHBMIT,chb_ictal_features_300.csv,2.33e+05,0.0001,0.8499,DYNAMIC_FLOW
CHBMIT,chb_ictal_features_338.csv,2.33e+05,0.0001,0.8499,DYNAMIC_FLOW
CHBMIT,chb_ictal_features_530.csv,2.33e+05,0.0001,0.8499,DYNAMIC_FLOW
CHBMIT,chb_ictal_features_874.csv,1.75e+05,0.0001,0.8499,DYNAMIC_FLOW
CHBMIT,chb_ictal_features_881.csv,2.33e+05,0.0001,0.8499,DYNAMIC_FLOW
CHBMIT,chb_ictal_features.csv,2.33e+05,0.0001,0.8499,DYNAMIC_FLOW
CHBMIT,chb_preictal_baseline_ready_425.csv,5.54e+03,0.0001,0.8499,DYNAMIC_FLOW
CHBMIT,chb_preictal_baseline_ready_569.csv,5.54e+03,0.0001,0.8499,DYNAMIC_FLOW
CHBMIT,chb_preictal_baseline_ready_613.csv,nan,,,DYNAMIC_FLOW
CHBMIT,chb_preictal_baseline_ready.csv,5.54e+03,0.0001,0.8499,DYNAMIC_FLOW
CHBMIT,chb_window_timeseries_sample_141.csv,3.23e+02,0.0016,0.8484,DYNAMIC_FLOW
CHBMIT,chb_window_timeseries_sample_180.csv,3.23e+02,0.0016,0.8484,DYNAMIC_FLOW
CHBMIT,chb_window_timeseries_sample_404.csv,3.23e+02,0.0016,0.8484,DYNAMIC_FLOW
CHBMIT,chb_window_timeseries_sample_431.csv,3.23e+02,0.0016,0.8484,DYNAMIC_FLOW
CHBMIT,chb_window_timeseries_sample_632.csv,3.23e+02,0.0016,0.8484,DYNAMIC_FLOW
CHBMIT,chb_window_timeseries_sample_735.csv,3.23e+02,0.0016,0.8484,DYNAMIC_FLOW
CHBMIT,chb_window_timeseries_sample_1024.csv,3.23e+02,0.0016,0.8484,DYNAMIC_FLOW
CHBMIT,chb_window_timeseries_sample.csv,3.23e+02,0.0016,0.8484,DYNAMIC_FLOW
CHBMIT,chb02_17_delta_corr_timeseries_167.csv,1.28e+03,0.0003,0.8497,DYNAMIC_FLOW
CHBMIT,chb02_17_delta_corr_timeseries_224.csv,1.28e+03,0.0003,0.8497,DYNAMIC_FLOW
CHBMIT,chb02_17_delta_corr_timeseries_272.csv,1.28e+03,0.0003,0.8497,DYNAMIC_FLOW
CHBMIT,chb02_17_delta_corr_timeseries_1065.csv,1.28e+03,0.0003,0.8497,DYNAMIC_FLOW
CHBMIT,chb02_17_delta_corr_timeseries.csv,1.28e+03,0.0003,0.8497,DYNAMIC_FLOW
CHBMIT,chb03_chb03_01_functional_stability_stepC_dyn_216.csv,6.40e+02,0.0006,0.8494,DYNAMIC_FLOW
CHBMIT,chb03_chb03_01_functional_stability_stepC_dyn_322.csv,6.40e+02,0.0006,0.8494,DYNAMIC_FLOW
CHBMIT,chb03_chb03_01_functional_stability_stepC_dyn_335.csv,6.40e+02,0.0006,0.8494,DYNAMIC_FLOW
CHBMIT,chb03_chb03_01_functional_stability_stepC_dyn_669.csv,6.40e+02,0.0006,0.8494,DYNAMIC_FLOW
CHBMIT,chb03_chb03_01_functional_stability_stepC_dyn_865.csv,6.40e+02,0.0006,0.8494,DYNAMIC_FLOW
CHBMIT,chb03_chb03_01_functional_stability_stepC_dyn_948.csv,6.40e+02,0.0006,0.8494,DYNAMIC_FLOW
CHBMIT,chb03_chb03_01_functional_stability_stepC_dyn.csv,6.40e+02,0.0006,0.8494,DYNAMIC_FLOW
CHBMIT,chb03_chb03_01_functional_stability_stepC_entropy_199.csv,6.41e+02,0.0006,0.8494,DYNAMIC_FLOW
CHBMIT,chb03_chb03_01_functional_stability_stepC_entropy_276.csv,6.41e+02,0.0006,0.8494,DYNAMIC_FLOW
CHBMIT,chb03_chb03_01_functional_stability_stepC_entropy_367.csv,6.41e+02,0.0006,0.8494,DYNAMIC_FLOW
CHBMIT,chb03_chb03_01_functional_stability_stepC_entropy_385.csv,6.41e+02,0.0006,0.8494,DYNAMIC_FLOW
CHBMIT,chb03_chb03_01_functional_stability_stepC_entropy_676.csv,6.41e+02,0.0006,0.8494,DYNAMIC_FLOW
CHBMIT,chb03_chb03_01_functional_stability_stepC_entropy_720.csv,6.41e+02,0.0006,0.8494,DYNAMIC_FLOW
CHBMIT,chb03_chb03_01_functional_stability_stepC_entropy_727.csv,6.41e+02,0.0006,0.8494,DYNAMIC_FLOW
CHBMIT,chb03_chb03_01_functional_stability_stepC_entropy_900.csv,6.41e+02,0.0006,0.8494,DYNAMIC_FLOW
CHBMIT,chb03_chb03_01_functional_stability_stepC_entropy.csv,6.41e+02,0.0006,0.8494,DYNAMIC_FLOW
CHBMIT,chb03_chb03_01_functional_stability_stepC_FSI_t_211.csv,6.40e+02,0.0006,0.8494,DYNAMIC_FLOW
CHBMIT,chb03_chb03_01_functional_stability_stepC_FSI_t_294.csv,6.40e+02,0.0006,0.8494,DYNAMIC_FLOW
CHBMIT,chb03_chb03_01_functional_stability_stepC_FSI_t_395.csv,6.40e+02,0.0006,0.8494,DYNAMIC_FLOW
CHBMIT,chb03_chb03_01_functional_stability_stepC_FSI_t_396.csv,6.40e+02,0.0006,0.8494,DYNAMIC_FLOW
CHBMIT,chb03_chb03_01_functional_stability_stepC_FSI_t_429.csv,6.40e+02,0.0006,0.8494,DYNAMIC_FLOW
CHBMIT,chb03_chb03_01_functional_stability_stepC_FSI_t_549.csv,6.40e+02,0.0006,0.8494,DYNAMIC_FLOW
CHBMIT,chb03_chb03_01_functional_stability_stepC_FSI_t_612.csv,6.40e+02,0.0006,0.8494,DYNAMIC_FLOW
CHBMIT,chb03_chb03_01_functional_stability_stepC_FSI_t_698.csv,6.40e+02,0.0006,0.8494,DYNAMIC_FLOW
CHBMIT,chb03_chb03_01_functional_stability_stepC_FSI_t_759.csv,6.40e+02,0.0006,0.8494,DYNAMIC_FLOW
CHBMIT,chb03_chb03_01_functional_stability_stepC_FSI_t_1060.csv,6.40e+02,0.0006,0.8494,DYNAMIC_FLOW
CHBMIT,chb03_chb03_01_functional_stability_stepC_FSI_t.csv,6.40e+02,0.0006,0.8494,DYNAMIC_FLOW
CHBMIT,transitions_336.csv,5.22e+02,0.0001,0.8499,DYNAMIC_FLOW
CHBMIT,chb_ictal_features_1094.csv,2.33e+05,0.0001,0.8499,DYNAMIC_FLOW
CHBMIT,chb_window_timeseries_sample_1097.csv,3.23e+02,0.0016,0.8484,DYNAMIC_FLOW
CHBMIT,chb02_17_delta_corr_timeseries_1119.csv,1.28e+03,0.0003,0.8497,DYNAMIC_FLOW
CHBMIT,chb02_17_delta_corr_timeseries_1122.csv,1.28e+03,0.0003,0.8497,DYNAMIC_FLOW
CHBMIT,epil.csv,1.63e+02,0.0042,0.8458,DYNAMIC_FLOW
CHBMIT,chb_ictal_features_1187.csv,2.33e+05,0.0001,0.8499,DYNAMIC_FLOW
CHBMIT,chb03_chb03_01_functional_stability_stepC_entropy_1172.csv,6.41e+02,0.0006,0.8494,DYNAMIC_FLOW
CHBMIT,chb_window_timeseries_sample_1282.csv,3.23e+02,0.0016,0.8484,DYNAMIC_FLOW
CHBMIT,chb03_chb03_01_functional_stability_stepC_dyn_1264.csv,6.40e+02,0.0006,0.8494,DYNAMIC_FLOW
CHBMIT,chb03_chb03_01_functional_stability_stepC_dyn_1322.csv,6.40e+02,0.0006,0.8494,DYNAMIC_FLOW
CHBMIT,chb03_chb03_01_functional_stability_stepC_dyn_1356.csv,6.40e+02,0.0006,0.8494,DYNAMIC_FLOW
CHBMIT,chb03_chb03_01_functional_stability_stepC_FSI_t_1250.csv,6.40e+02,0.0006,0.8494,DYNAMIC_FLOW
CHBMIT,epil_1196.csv,1.63e+02,0.0042,0.8458,DYNAMIC_FLOW
CHBMIT,windows_labeled_1349.csv,3.30e+03,0.0001,0.8499,DYNAMIC_FLOW
CHBMIT,windows_scored_preictal_index_1294.csv,3.30e+03,0.0001,0.8499,DYNAMIC_FLOW
CHBMIT,windows_scored_preictal_index_1348.csv,3.30e+03,0.0001,0.8499,DYNAMIC_FLOW
CHBMIT,chb_preictal_baseline_ready_1453.csv,5.54e+03,0.0001,0.8499,DYNAMIC_FLOW
CHBMIT,chb_preictal_baseline_ready_1541.csv,5.54e+03,0.0001,0.8499,DYNAMIC_FLOW
CHBMIT,chb02_17_delta_corr_timeseries_1554.csv,1.28e+03,0.0003,0.8497,DYNAMIC_FLOW
CHBMIT,chb02_17_delta_corr_timeseries_1565.csv,1.28e+03,0.0003,0.8497,DYNAMIC_FLOW
CHBMIT,chb02_17_delta_corr_timeseries_1590.csv,1.28e+03,0.0003,0.8497,DYNAMIC_FLOW
CHBMIT,chb03_chb03_01_functional_stability_stepC_dyn_1480.csv,6.40e+02,0.0006,0.8494,DYNAMIC_FLOW
CHBMIT,chb03_chb03_01_functional_stability_stepC_dyn_1616.csv,6.40e+02,0.0006,0.8494,DYNAMIC_FLOW
CHBMIT,chb03_chb03_01_functional_stability_stepC_entropy_1629.csv,6.41e+02,0.0006,0.8494,DYNAMIC_FLOW
CHBMIT,chb03_chb03_01_functional_stability_stepC_entropy_1653.csv,6.41e+02,0.0006,0.8494,DYNAMIC_FLOW
CHBMIT,chb03_chb03_01_functional_stability_stepC_FSI_t_1444.csv,6.40e+02,0.0006,0.8494,DYNAMIC_FLOW
CHBMIT,chb03_chb03_01_functional_stability_stepC_FSI_t_1558.csv,6.40e+02,0.0006,0.8494,DYNAMIC_FLOW
CHBMIT,chb_earlywarning_metrics_1710.csv,5.54e+03,0.0001,0.8499,DYNAMIC_FLOW
CHBMIT,windows_scored_preictal_index_1619.csv,3.30e+03,0.0001,0.8499,DYNAMIC_FLOW
CHBMIT,windows_scored_preictal_index_1690.csv,3.30e+03,0.0001,0.8499,DYNAMIC_FLOW
CHBMIT,windows_scored_preictal_index_1600.csv,3.30e+03,0.0001,0.8499,DYNAMIC_FLOW
CHBMIT,windows_labeled_1511.csv,3.30e+03,0.0001,0.8499,DYNAMIC_FLOW
CHB_PRE_vs_INTER_20260218_133447,windows_labeled.csv,3.30e+03,0.0001,0.8499,DYNAMIC_FLOW
CHB_PRE_vs_INTER_20260218_133447,windows_scored_preictal_index.csv,3.30e+03,0.0001,0.8499,DYNAMIC_FLOW
CHB_PRED_20260218_121717,chb_window_timeseries_sample.csv,3.23e+02,0.0016,0.8484,DYNAMIC_FLOW
outputs_chbmit,chb02_17_delta_corr_timeseries.csv,1.28e+03,0.0003,0.8497,DYNAMIC_FLOW
chb03,chb03_chb03_01_functional_stability_stepC_dyn.csv,6.40e+02,0.0006,0.8494,DYNAMIC_FLOW
chb03,chb03_chb03_01_functional_stability_stepC_entropy.csv,6.41e+02,0.0006,0.8494,DYNAMIC_FLOW
chb03,chb03_chb03_01_functional_stability_stepC_FSI_t.csv,6.40e+02,0.0006,0.8494,DYNAMIC_FLOW
EEG_Siena_Scalp,siena_PN_segments_120s_MAX20_stream.csv,5.81e+02,0.0004,0.8496,DYNAMIC_FLOW
EEG_Siena_Scalp,siena_PN_segments_120s_STEP2_stream.csv,6.82e+02,0.0003,0.8497,DYNAMIC_FLOW
RNS_Epilepsy-iBIDS,RNS_DETECTED_SIGNALS.csv,4.89e+03,408.0738,407.2238,CRITICAL_BREAKDOWN
EEGMMIDB,motorcycle.csv,3.38e+02,0.0063,0.8437,DYNAMIC_FLOW
EEGMMIDB,motorcycle_616.csv,3.38e+02,0.0063,0.8437,DYNAMIC_FLOW
EEGMMIDB,inventory_EEG_MOTOR.csv,3.50e+03,74.0683,73.2183,CRITICAL_BREAKDOWN
EEGMMIDB,inventory_EEG_MOTOR__1771539332.csv,3.50e+03,70.9209,70.0709,CRITICAL_BREAKDOWN
EEGMMIDB,inventory_EEG_MOTOR__1771539333.csv,3.50e+03,71.4607,70.6107,CRITICAL_BREAKDOWN
NEUROCORE_IRCCS_INDEX,inventory_full.csv,1.59e+02,101.5238,100.6738,CRITICAL_BREAKDOWN
PURSUE_LRP_ERN_Flanker,robotics_control_table.csv,1.13e+02,0.0061,0.8439,DYNAMIC_FLOW
Face_Processing,ds002718_faceproc_20260222_093430__ERP_WINDOW_FEATURES.csv,4.35e+02,0.0538,0.7962,DYNAMIC_FLOW
Face_Processing,ds002718_faceproc_20260222_093430__EVENTS_COUNTS.csv,4.35e+02,0.0104,0.8396,DYNAMIC_FLOW
Hypoalgesia_ds006902,NeuroCore_fNIRS_metrics_v5_1.csv,7.35e+03,0.0002,0.8498,DYNAMIC_FLOW
CSV,03_Neural_Network_Weights.csv,2.72e+03,1.9108,1.0608,CRITICAL_BREAKDOWN
CSV,04_Stock_Market_Volatility.csv,4.15e+02,0.0023,0.8477,DYNAMIC_FLOW
CSV,06_Global_Entropy_Signal.csv,6.79e+02,0.0334,0.8166,DYNAMIC_FLOW
CSV,07_Seismic_Vibrations.csv,6.04e+03,0.0079,0.8421,DYNAMIC_FLOW
CSV,08_Atmospheric_Flux.csv,3.56e+02,0.0322,0.8178,DYNAMIC_FLOW
CSV,09_Neuro_Spike_Train_Proxy.csv,3.48e+01,0.023,0.827,DYNAMIC_FLOW
CSV,02_Heart_Rate_Dynamics.csv,3.66e+03,0.0604,0.7896,DYNAMIC_FLOW
EEGMMIDB_Output,NeuroCore_IRCCS_CSP.csv,nan,,,DYNAMIC_FLOW
Cognitive_Electrophysiology_in_Socioeconomic_ds006018,NeuroCore_dataset_summary.csv,nan,,,DYNAMIC_FLOW
Epilepsy_Data,Epileptic Seizure Recognition.csv,4.95e+04,0.0023,0.8477,DYNAMIC_FLOW
Europa,NeuroCore_fNIRS_metrics_v5_1.csv,7.35e+03,0.0002,0.8498,DYNAMIC_FLOW
Face_processing_EEGLAB_ds002718_outputs,neurocore_events_features.csv,4.88e+02,0.0077,0.8423,DYNAMIC_FLOW
chbmit_run_20260213_102107,transitions.csv,5.22e+02,0.0001,0.8499,DYNAMIC_FLOW
chbmit_batch_v2_20260213_120037,batch_summary_partial.csv,1.06e+02,102.7954,101.9454,CRITICAL_BREAKDOWN
chbmit_batch_v2_20260213_120037,batch_summary_final.csv,1.06e+02,124.4487,123.5987,CRITICAL_BREAKDOWN
chbmit_batch_v2_20260213_120037,batch_rank_by_consistency.csv,1.47e+02,108.9591,108.1091,CRITICAL_BREAKDOWN
chbmit_run_20260213_214045,transitions.csv,5.22e+02,0.0001,0.8499,DYNAMIC_FLOW
data,umath-validation-set-log2.csv,1.10e+00,7007.8349,7006.9849,CRITICAL_BREAKDOWN
data,umath-validation-set-arcsinh.csv,6.93e-01,6601.4996,6600.6496,CRITICAL_BREAKDOWN
data,umath-validation-set-arctanh.csv,6.93e-01,6812.5425,6811.6925,CRITICAL_BREAKDOWN
data,umath-validation-set-sin.csv,nan,,,DYNAMIC_FLOW
data,umath-validation-set-cos.csv,nan,,,DYNAMIC_FLOW
data,umath-validation-set-cbrt.csv,0.00e+00,24339.7901,24338.9401,CRITICAL_BREAKDOWN
data,umath-validation-set-arctan.csv,1.10e+00,6671.6519,6670.8019,CRITICAL_BREAKDOWN
data,umath-validation-set-cosh.csv,1.10e+00,6395.3608,6394.5108,CRITICAL_BREAKDOWN
data,umath-validation-set-expm1.csv,1.10e+00,6266.314,6265.464,CRITICAL_BREAKDOWN
data,umath-validation-set-sinh.csv,6.93e-01,6771.3739,6770.5239,CRITICAL_BREAKDOWN
data,umath-validation-set-tanh.csv,0.00e+00,24760.7951,24759.9451,CRITICAL_BREAKDOWN
data,umath-validation-set-log10.csv,1.39e+00,6719.4563,6718.6063,CRITICAL_BREAKDOWN
data,umath-validation-set-arcsin.csv,1.39e+00,6399.7441,6398.8941,CRITICAL_BREAKDOWN
data,umath-validation-set-arccos.csv,1.10e+00,6371.893,6371.043,CRITICAL_BREAKDOWN
data,umath-validation-set-log1p.csv,6.93e-01,6683.099,6682.249,CRITICAL_BREAKDOWN
data,umath-validation-set-log.csv,nan,,,DYNAMIC_FLOW
data,umath-validation-set-exp2.csv,6.93e-01,6568.7146,6567.8646,CRITICAL_BREAKDOWN
data,umath-validation-set-arccosh.csv,6.93e-01,6836.6843,6835.8343,CRITICAL_BREAKDOWN
data,umath-validation-set-tan.csv,1.39e+00,6306.2347,6305.3847,CRITICAL_BREAKDOWN
data,umath-validation-set-exp.csv,nan,,,DYNAMIC_FLOW
data,philox-testset-1.csv,6.92e+02,0.001,0.849,DYNAMIC_FLOW
data,philox-testset-2.csv,6.92e+02,0.001,0.849,DYNAMIC_FLOW
data,sfc64-testset-1.csv,6.92e+02,0.001,0.849,DYNAMIC_FLOW
data,sfc64-testset-2.csv,6.92e+02,0.001,0.849,DYNAMIC_FLOW
data,mt19937-testset-2.csv,6.92e+02,0.001,0.849,DYNAMIC_FLOW
data,mt19937-testset-1.csv,6.92e+02,0.001,0.849,DYNAMIC_FLOW
data,pcg64-testset-1.csv,6.92e+02,0.001,0.849,DYNAMIC_FLOW
data,pcg64-testset-2.csv,6.92e+02,0.001,0.849,DYNAMIC_FLOW
data,pcg64dxsm-testset-1.csv,6.92e+02,0.001,0.849,DYNAMIC_FLOW
data,pcg64dxsm-testset-2.csv,6.92e+02,0.001,0.849,DYNAMIC_FLOW
sleep_physionet,age_records.csv,5.52e+01,0.0122,0.8378,DYNAMIC_FLOW
resources,Artemis123_ChannelMap.csv,nan,,,DYNAMIC_FLOW
resources,Artemis123_mneLoc.csv,9.92e+01,0.5774,0.2726,DYNAMIC_FLOW
data,wine_data.csv,8.14e+02,0.0009,0.8491,DYNAMIC_FLOW
data,iris.csv,5.00e+01,0.2262,0.6238,DYNAMIC_FLOW
data,breast_cancer.csv,1.48e+02,5243.2454,5242.3954,CRITICAL_BREAKDOWN
chb03,chb03_chb03_01_functional_stability_stepC_dyn.csv,6.40e+02,0.0006,0.8494,DYNAMIC_FLOW
chb03,chb03_chb03_01_functional_stability_stepC_entropy.csv,6.41e+02,0.0006,0.8494,DYNAMIC_FLOW
chb03,chb03_chb03_01_functional_stability_stepC_FSI_t.csv,6.40e+02,0.0006,0.8494,DYNAMIC_FLOW
formula_test_2026-02-15_10-12-02,formula_test_all_20260215_100355.csv,1.84e+03,0.0025,0.8475,DYNAMIC_FLOW
formula_test_2026-02-15_10-12-02,formula_test_all_20260215_100355.csv,1.84e+03,0.0025,0.8475,DYNAMIC_FLOW
ds007358,chb02_17_delta_corr_timeseries.csv,1.28e+03,0.0003,0.8497,DYNAMIC_FLOW
ds007358,chb_ictal_features.csv,2.33e+05,0.0001,0.8499,DYNAMIC_FLOW
ds007358,windows_scored_preictal_index.csv,3.30e+03,0.0001,0.8499,DYNAMIC_FLOW
ds007358,chb_window_timeseries_sample.csv,3.23e+02,0.0016,0.8484,DYNAMIC_FLOW
ds007358,chb03_chb03_01_functional_stability_stepC_entropy.csv,6.41e+02,0.0006,0.8494,DYNAMIC_FLOW
ds007358,chb03_chb03_01_functional_stability_stepC_FSI_t.csv,6.40e+02,0.0006,0.8494,DYNAMIC_FLOW
ds007358,chb03_chb03_01_functional_stability_stepC_dyn.csv,6.40e+02,0.0006,0.8494,DYNAMIC_FLOW
ds007358,chb_preictal_baseline_ready.csv,5.54e+03,0.0001,0.8499,DYNAMIC_FLOW
ds007358,signaturelab_with_FSI.csv,5.02e+01,37.0975,36.2475,CRITICAL_BREAKDOWN
ds007358,_parkinson_report.csv,nan,,,DYNAMIC_FLOW
ds007358,windows_labeled.csv,3.30e+03,0.0001,0.8499,DYNAMIC_FLOW
ds007358,chb_earlywarning_metrics.csv,5.54e+03,0.0001,0.8499,DYNAMIC_FLOW
ds007358,chb02_17_delta_corr_timeseries.csv,1.28e+03,0.0003,0.8497,DYNAMIC_FLOW
ds007358,chb_ictal_features.csv,2.33e+05,0.0001,0.8499,DYNAMIC_FLOW
ds007358,windows_scored_preictal_index.csv,3.30e+03,0.0001,0.8499,DYNAMIC_FLOW
ds007358,chb_window_timeseries_sample.csv,3.23e+02,0.0016,0.8484,DYNAMIC_FLOW
ds007358,chb03_chb03_01_functional_stability_stepC_entropy.csv,6.41e+02,0.0006,0.8494,DYNAMIC_FLOW
ds007358,chb03_chb03_01_functional_stability_stepC_FSI_t.csv,6.40e+02,0.0006,0.8494,DYNAMIC_FLOW
ds007358,chb03_chb03_01_functional_stability_stepC_dyn.csv,6.40e+02,0.0006,0.8494,DYNAMIC_FLOW
ds007358,chb_preictal_baseline_ready.csv,nan,,,DYNAMIC_FLOW
ds007358,signaturelab_with_FSI.csv,5.02e+01,37.0312,36.1812,CRITICAL_BREAKDOWN
CHB,chb_ictal_features.csv,2.33e+05,0.0001,0.8499,DYNAMIC_FLOW
CHB,chb_preictal_baseline_ready.csv,5.54e+03,0.0001,0.8499,DYNAMIC_FLOW
CHB,chb_earlywarning_metrics.csv,5.54e+03,0.0001,0.8499,DYNAMIC_FLOW
outputs_chbmit,chb02_17_delta_corr_timeseries.csv,1.28e+03,0.0003,0.8497,DYNAMIC_FLOW
chb03,chb03_chb03_01_functional_stability_stepC_entropy.csv,6.41e+02,0.0006,0.8494,DYNAMIC_FLOW
chb03,chb03_chb03_01_functional_stability_stepC_FSI_t.csv,6.40e+02,0.0006,0.8494,DYNAMIC_FLOW
chb03,chb03_chb03_01_functional_stability_stepC_dyn.csv,6.40e+02,0.0006,0.8494,DYNAMIC_FLOW
CHB_PRE_vs_INTER_20260218_133447,windows_scored_preictal_index.csv,3.30e+03,0.0001,0.8499,DYNAMIC_FLOW
CHB_PRED_20260218_121717,chb_window_timeseries_sample.csv,3.23e+02,0.0016,0.8484,DYNAMIC_FLOW
ALL_DATA_SIGNATURELAB_20260218_104048,signaturelab_summary.csv,3.00e+00,968.4002,967.5502,CRITICAL_BREAKDOWN
ALL_DATA_SIGNATURELAB_20260218_104048,signaturelab_with_FSI.csv,5.02e+01,36.902,36.052,CRITICAL_BREAKDOWN
CHB_PRE_vs_INTER_20260218_133447,windows_scored_preictal_index.csv,3.30e+03,0.0001,0.8499,DYNAMIC_FLOW
CHB_PRE_vs_INTER_20260218_133447,windows_labeled.csv,3.30e+03,0.0001,0.8499,DYNAMIC_FLOW
CHB_PRED_20260218_121717,chb_window_timeseries_sample.csv,3.23e+02,0.0016,0.8484,DYNAMIC_FLOW
chb03,chb03_chb03_01_functional_stability_stepC_entropy.csv,6.41e+02,0.0006,0.8494,DYNAMIC_FLOW
chb03,chb03_chb03_01_functional_stability_stepC_FSI_t.csv,6.40e+02,0.0006,0.8494,DYNAMIC_FLOW
chb03,chb03_chb03_01_functional_stability_stepC_dyn.csv,6.40e+02,0.0006,0.8494,DYNAMIC_FLOW
Parkinson,_parkinson_report.csv,nan,,,DYNAMIC_FLOW
chb03,chb03_chb03_01_functional_stability_stepC_FSI_t.csv,6.40e+02,0.0006,0.8494,DYNAMIC_FLOW
ALL_DATA_SIGNATURELAB_20260218_104048,signaturelab_summary.csv,3.00e+00,987.5336,986.6836,CRITICAL_BREAKDOWN
ALL_DATA_SIGNATURELAB_20260218_104048,signaturelab_with_FSI.csv,5.02e+01,37.1013,36.2513,CRITICAL_BREAKDOWN
outputs_chbmit,chb02_17_delta_corr_timeseries.csv,1.28e+03,0.0003,0.8497,DYNAMIC_FLOW
results,siena_PN_segments_120s_MAX20_stream.csv,5.81e+02,0.0004,0.8496,DYNAMIC_FLOW
results,siena_PN_segments_120s_STEP2_stream.csv,6.82e+02,0.0003,0.8497,DYNAMIC_FLOW
outputs_master,master_edf_scan.csv,nan,,,DYNAMIC_FLOW
outputs_master,master_ok.csv,4.65e+03,0.0002,0.8498,DYNAMIC_FLOW
neurocore_outputs_fsd_v1,transition_early_warning_series.csv,5.75e+01,10.4481,9.5981,CRITICAL_BREAKDOWN
neurocore_outputs_eeg_motor,inventory_EEG_MOTOR.csv,3.50e+03,70.3827,69.5327,CRITICAL_BREAKDOWN
Parkinson,_parkinson_report.csv,nan,,,DYNAMIC_FLOW
chbmit_run_20260213_102107,transitions.csv,5.22e+02,0.0001,0.8499,DYNAMIC_FLOW
chbmit_batch_v2_20260213_120037,batch_summary_partial.csv,1.06e+02,111.6598,110.8098,CRITICAL_BREAKDOWN
chbmit_batch_v2_20260213_120037,batch_summary_final.csv,1.06e+02,116.7612,115.9112,CRITICAL_BREAKDOWN
chbmit_batch_v2_20260213_120037,batch_rank_by_consistency.csv,1.47e+02,114.2429,113.3929,CRITICAL_BREAKDOWN
chbmit_run_20260213_214045,transitions.csv,5.22e+02,0.0001,0.8499,DYNAMIC_FLOW
chb03,chb03_chb03_01_functional_stability_stepC_dyn.csv,6.40e+02,0.0006,0.8494,DYNAMIC_FLOW
chb03,chb03_chb03_01_functional_stability_stepC_entropy.csv,6.41e+02,0.0006,0.8494,DYNAMIC_FLOW
chb03,chb03_chb03_01_functional_stability_stepC_FSI_t.csv,6.40e+02,0.0006,0.8494,DYNAMIC_FLOW
_reports,AUDIT_PIPELINES.csv,3.56e+02,823.3412,822.4912,CRITICAL_BREAKDOWN
ALL_DATA_SIGNATURELAB_20260218_104048,signaturelab_summary.csv,3.00e+00,976.0686,975.2186,CRITICAL_BREAKDOWN
ALL_DATA_SIGNATURELAB_20260218_104048,signaturelab_with_FSI.csv,5.02e+01,37.0556,36.2056,CRITICAL_BREAKDOWN
CHB_PRED_20260218_121717,chb_window_timeseries_sample.csv,3.23e+02,0.0016,0.8484,DYNAMIC_FLOW
CHB_PRE_vs_INTER_20260218_133447,windows_labeled.csv,3.30e+03,0.0001,0.8499,DYNAMIC_FLOW
CHB_PRE_vs_INTER_20260218_133447,windows_scored_preictal_index.csv,3.30e+03,0.0001,0.8499,DYNAMIC_FLOW
TReNDS_Neuroimaging,sample_submission.csv,0.00e+00,23970.0549,23969.2049,CRITICAL_BREAKDOWN
Vario,NeuroCore_fNIRS_metrics_v5_1.csv,7.35e+03,0.0002,0.8498,DYNAMIC_FLOW
ds005342,file_inventory.csv,2.34e+03,0.3197,0.5303,DYNAMIC_FLOW
NEUROCORE_ANALYSIS,event_adaptation_deltas.csv,5.18e+04,0.0003,0.8497,DYNAMIC_FLOW
NEUROCORE_ANALYSIS,window_level_features.csv,4.27e+04,0.0003,0.8497,DYNAMIC_FLOW
NEUROCORE_IRCCS_INDEX,inventory_full.csv,1.59e+02,96.6601,95.8101,CRITICAL_BREAKDOWN
Pursue_400_Word_Processing,summary_metrics.csv,1.05e+03,0.0043,0.8457,DYNAMIC_FLOW
Pursue_400_Word_Processing,NeuroCore_metrics.csv,2.82e+03,0.0,0.85,DYNAMIC_FLOW
Pursue_400_Word_Processing,Exploratory_AUC_Table.csv,2.82e+02,0.0,0.85,DYNAMIC_FLOW
Pursue_400_Word_Processing,NeuroCore_metrics copia.csv,1.24e+02,0.4241,0.4259,DYNAMIC_FLOW
Pursue_400_Word_Processing,NeuroCore_dataset_summary.csv,nan,,,DYNAMIC_FLOW
Pursue_400_Word_Processing,NeuroCore_FULL_metrics.csv,9.81e+03,0.0,0.85,DYNAMIC_FLOW
Face_processing_EEGLAB_ds002718_outputs,neurocore_events_features.csv,4.88e+02,0.0077,0.8423,DYNAMIC_FLOW
PURSUE_N400_Word_Processing_ds007052,summary_metrics.csv,1.05e+03,0.0043,0.8457,DYNAMIC_FLOW
PURSUE_N400_Word_Processing_ds007052,NeuroCore_metrics.csv,2.82e+03,0.0,0.85,DYNAMIC_FLOW
PURSUE_N400_Word_Processing_ds007052,NeuroCore_metrics copia.csv,1.24e+02,0.4241,0.4259,DYNAMIC_FLOW
PURSUE_N400_Word_Processing_ds007052,NeuroCore_dataset_summary.csv,nan,,,DYNAMIC_FLOW
PURSUE_N400_Word_Processing_ds007052,NeuroCore_FULL_metrics.csv,9.81e+03,0.0,0.85,DYNAMIC_FLOW
NeuroCore_Unified_Results,00_detected_files.csv,3.69e+02,176.1571,175.3071,CRITICAL_BREAKDOWN
NeuroCore_Unified_Results,RUN_neurocore_features.csv,6.78e+02,14.9628,14.1128,CRITICAL_BREAKDOWN
NeuroCore_Unified_Results,stable_neurocore_features.csv,3.50e+02,1.3457,0.4957,CRITICAL_BREAKDOWN
