start_sample,end_sample,start_sec,end_sec,mean,std,amp_range,line_length,energy,dv,fs,z_dv,z_amp,z_line,z_energy,z_fs_inv,susceptibility_score,susceptibility_label,file,subject,session,channel_used,sfreq,duration_min
3609600,3612160,14100.0,14110.0,-0.00011874917358091104,0.0005441881539567851,0.002449960845349813,0.00011076835730668726,3.1024211313304293e-07,0.0002765662826308423,1837.5997178391576,239.0902421394814,268.6757884787468,119.23349658161027,4599.642924490554,506.0742182656232,901.8173022610354,EXTREME,/Volumes/Verbatim/SEIZEL_IT2/SUB1/sub-001_ses-01_task-szMonitoring_run-01_eeg.edf,sub-001_ses-01_task-szMonitoring_run-01_eeg.edf,ses-01,BTEleft SD,256.0,1088.65
14608640,14611200,57065.0,57075.0,0.0002948030628254462,0.0005159266421119049,0.0029909678187228193,3.3384739660820546e-05,3.5308914589212963e-07,0.00017583218289786296,1938.2600479175085,92.32934923823545,103.1137583928269,19.355337609712,4781.526756284499,161.7255487853076,790.2106597550958,EXTREME,/Volumes/Verbatim/SEIZEL_IT2/SUB1/sub-001_ses-01_task-szMonitoring_run-03_eeg.edf,sub-001_ses-01_task-szMonitoring_run-03_eeg.edf,ses-01,BTEleft SD,256.0,1082.9833333333333
4997120,4999680,19520.0,19530.0,-0.00016293232188072207,0.0006857434058097116,0.002647,5.735673127312696e-05,4.967909601249459e-07,0.00021656197029840842,1458.2714030781665,92.1009039778153,108.31615523616486,30.25019205356954,4645.440813275655,274.37448052071755,784.2021558936023,EXTREME,/Volumes/Verbatim/SEIZEL_IT2/SUB1/sub-001_ses-01_task-szMonitoring_run-02_eeg.edf,sub-001_ses-01_task-szMonitoring_run-02_eeg.edf,ses-01,BTEleft SD,256.0,330.26666666666665
3617280,3619840,14130.0,14140.0,-9.316312926775778e-05,0.0005013687544941092,0.0025929604180971993,3.280673219105248e-05,2.6004999663793523e-07,0.00015242102746214386,1994.5399250387661,129.52771174625238,284.7783491238077,31.782617760548987,3854.2120676596896,465.5747543962207,733.3361780766351,EXTREME,/Volumes/Verbatim/SEIZEL_IT2/SUB1/sub-001_ses-01_task-szMonitoring_run-01_eeg.edf,sub-001_ses-01_task-szMonitoring_run-01_eeg.edf,ses-01,BTEleft SD,256.0,1088.65
3610880,3613440,14105.0,14115.0,2.6935478453784145e-05,0.0004934638440407325,0.0026169999999999995,7.284226362225336e-05,2.4423208537499065e-07,0.00020783665052437553,2026.490917318281,178.43393758440527,287.48534200521703,76.6911532423806,3619.2915269576324,458.0981283969128,723.9907190873975,EXTREME,/Volumes/Verbatim/SEIZEL_IT2/SUB1/sub-001_ses-01_task-szMonitoring_run-01_eeg.edf,sub-001_ses-01_task-szMonitoring_run-01_eeg.edf,ses-01,BTEleft SD,256.0,1088.65
15005440,15008000,58615.0,58625.0,0.00036581271373955696,0.0004442420451432931,0.0026969511558709086,1.429048312685969e-05,3.311699362065947e-07,9.529874187505791e-05,2251.0251082299483,48.32997481694727,92.67765090181666,6.165041572895493,4484.428049662721,138.7501496236369,723.2232520926458,EXTREME,/Volumes/Verbatim/SEIZEL_IT2/SUB1/sub-001_ses-01_task-szMonitoring_run-03_eeg.edf,sub-001_ses-01_task-szMonitoring_run-03_eeg.edf,ses-01,BTEleft SD,256.0,1082.9833333333333
4998400,5000960,19525.0,19535.0,-0.0006204775945105668,0.0002763785303136727,0.002538955062180514,4.1566487426804385e-05,4.6137753730796506e-07,0.00015871627784636586,3618.22604399421,66.57082210274181,103.74833906677492,20.91940634326077,4313.862650254371,107.73561179696169,706.0862955358185,EXTREME,/Volumes/Verbatim/SEIZEL_IT2/SUB1/sub-001_ses-01_task-szMonitoring_run-02_eeg.edf,sub-001_ses-01_task-szMonitoring_run-02_eeg.edf,ses-01,BTEleft SD,256.0,330.26666666666665
16131840,16134400,63015.0,63025.0,-2.3256600909819275e-05,0.0005465373520853031,0.002365931746395056,2.485301413366903e-05,2.992439467102932e-07,0.00010479667325034064,1829.701107078624,53.51916124063959,80.92813267590336,13.46162893308259,4051.6948296675127,171.53648879197192,662.5175320853452,EXTREME,/Volumes/Verbatim/SEIZEL_IT2/SUB1/sub-001_ses-01_task-szMonitoring_run-03_eeg.edf,sub-001_ses-01_task-szMonitoring_run-03_eeg.edf,ses-01,BTEleft SD,256.0,1082.9833333333333
14609920,14612480,57070.0,57080.0,0.0004010429467376686,0.0003596922935430564,0.0029909678187228193,2.5173468363756007e-05,2.9021399116229683e-07,0.00015123165676158732,2780.1540793927034,78.88887349693233,103.1137583928269,13.68299844037812,3929.3004480884947,111.6513812105826,651.5306624248997,EXTREME,/Volumes/Verbatim/SEIZEL_IT2/SUB1/sub-001_ses-01_task-szMonitoring_run-03_eeg.edf,sub-001_ses-01_task-szMonitoring_run-03_eeg.edf,ses-01,BTEleft SD,256.0,1082.9833333333333
2201600,2204160,8600.0,8610.0,0.00019142907626292259,0.0009443949028351034,0.0029059417257953765,0.000253056428667649,9.285268237398001e-07,0.0005269642337369323,1058.8790726623886,98.39598344662843,45.498126684832094,68.83486412086813,3855.748225625299,145.10388893245073,650.1778151044998,EXTREME,/Volumes/Verbatim/SEIZEL_IT2/SUB10/sub-010_ses-01_task-szMonitoring_run-03_eeg.edf,sub-010_ses-01_task-szMonitoring_run-03_eeg.edf,ses-01,BTEright SD,256.0,149.13333333333333
16107520,16110080,62920.0,62930.0,-0.00022077687072628182,0.0004917683097352396,0.00248596388189517,2.5638930837291138e-05,2.9057849710754386e-07,0.00011687498379799277,2033.4779166736191,60.11813554762655,85.18866762757594,14.00453951787634,3934.241057099608,153.98263952856402,646.4144113885574,EXTREME,/Volumes/Verbatim/SEIZEL_IT2/SUB1/sub-001_ses-01_task-szMonitoring_run-03_eeg.edf,sub-001_ses-01_task-szMonitoring_run-03_eeg.edf,ses-01,BTEleft SD,256.0,1082.9833333333333
2202880,2205440,8605.0,8615.0,-0.00021422085081564227,0.0009294258879381076,0.0029459713588159,0.00023284268450303276,9.097230540937171e-07,0.0005058893707327878,1075.9330161789717,94.38123079959647,46.14869672327555,63.16053059308732,3777.642569779969,142.7706142443225,635.8187231345589,EXTREME,/Volumes/Verbatim/SEIZEL_IT2/SUB10/sub-010_ses-01_task-szMonitoring_run-03_eeg.edf,sub-010_ses-01_task-szMonitoring_run-03_eeg.edf,ses-01,BTEright SD,256.0,149.13333333333333
5135360,5137920,20060.0,20070.0,-0.0004320647505865187,0.0005360250280275931,0.0023339811856260013,3.536045575002861e-05,4.7400277937137265e-07,0.0001236675202729541,1865.5845265548649,70.51371597113479,109.17648933739022,23.943854775382995,3629.315719584989,196.14369632276455,615.3155969824766,EXTREME,/Volumes/Verbatim/SEIZEL_IT2/SUB1/sub-001_ses-01_task-szMonitoring_run-06_eeg.edf,sub-001_ses-01_task-szMonitoring_run-06_eeg.edf,ses-01,BTEleft SD,256.0,336.53333333333336
3618560,3621120,14135.0,14145.0,-0.0002465076682485982,0.00039617569353932793,0.0025589775539787895,1.880890756132219e-05,2.177212106567284e-07,0.0001005039158553452,2524.1326355540245,83.70904464843214,280.95168642932384,16.08102016509917,3225.5638773476344,366.08100565358495,609.1473891133395,EXTREME,/Volumes/Verbatim/SEIZEL_IT2/SUB1/sub-001_ses-01_task-szMonitoring_run-01_eeg.edf,sub-001_ses-01_task-szMonitoring_run-01_eeg.edf,ses-01,BTEleft SD,256.0,1088.65
16133120,16135680,63020.0,63030.0,-0.00013259729260843453,0.0005074514935911607,0.002365931746395056,2.2235797182564657e-05,2.750890603549867e-07,8.928712213857992e-05,1970.6316971352537,45.04553167998012,80.92813267590336,11.653657708005523,3724.2931761538143,159.00920624516888,608.8271912123638,EXTREME,/Volumes/Verbatim/SEIZEL_IT2/SUB1/sub-001_ses-01_task-szMonitoring_run-03_eeg.edf,sub-001_ses-01_task-szMonitoring_run-03_eeg.edf,ses-01,BTEleft SD,256.0,1082.9833333333333
2200320,2202880,8595.0,8605.0,0.0003925388322616256,0.000844207243957954,0.0027539089799343865,0.00014197626371523805,8.667726055844051e-07,0.0003707498630938466,1184.5432575620757,68.63721073619944,43.02725843408554,37.65281792854386,3599.23829165855,129.48727487137515,592.9935102661157,EXTREME,/Volumes/Verbatim/SEIZEL_IT2/SUB10/sub-010_ses-01_task-szMonitoring_run-03_eeg.edf,sub-010_ses-01_task-szMonitoring_run-03_eeg.edf,ses-01,BTEright SD,256.0,149.13333333333333
13128960,13131520,51285.0,51295.0,-4.695732638690214e-05,0.0004994444262862586,0.0029509571068894484,2.7744375929846643e-05,2.51649725449816e-07,0.00014907018536401096,2002.2247628900782,77.70795550665378,101.69358007560274,15.458979182006527,3406.5902943297265,156.44288690706838,577.2611291190165,EXTREME,/Volumes/Verbatim/SEIZEL_IT2/SUB1/sub-001_ses-01_task-szMonitoring_run-03_eeg.edf,sub-001_ses-01_task-szMonitoring_run-03_eeg.edf,ses-01,BTEleft SD,256.0,1082.9833333333333
2204160,2206720,8610.0,8620.0,-0.0007209218539532787,0.0005698520037114251,0.0030629656977187764,0.00013388033906619554,8.444596256413584e-07,0.00036882205570109325,1754.8415934877746,68.26996422876059,48.05011339423744,35.3801574901643,3506.556347286913,86.72252769011426,575.2362465189949,EXTREME,/Volumes/Verbatim/SEIZEL_IT2/SUB10/sub-010_ses-01_task-szMonitoring_run-03_eeg.edf,sub-010_ses-01_task-szMonitoring_run-03_eeg.edf,ses-01,BTEright SD,256.0,149.13333333333333
5134080,5136640,20055.0,20065.0,-3.562649192106328e-05,0.0006423424402047582,0.0023339811856260013,3.166734004849508e-05,4.1387305741480496e-07,0.00013729687401698668,1556.8020044330715,78.70366366555643,109.17648933739022,21.033633813241533,3168.4141147739715,235.78877358339773,552.4293014875067,EXTREME,/Volumes/Verbatim/SEIZEL_IT2/SUB1/sub-001_ses-01_task-szMonitoring_run-06_eeg.edf,sub-001_ses-01_task-szMonitoring_run-06_eeg.edf,ses-01,BTEleft SD,256.0,336.53333333333336
15004160,15006720,58610.0,58620.0,0.000195708289922608,0.0004558135751779447,0.0026969511558709086,1.3301834641079195e-05,2.4606775006093144e-07,9.449756101946516e-05,2193.8793670542423,47.89225036364333,92.67765090181666,5.482084046866589,3330.9307385234497,142.4589034243145,550.2797357379607,EXTREME,/Volumes/Verbatim/SEIZEL_IT2/SUB1/sub-001_ses-01_task-szMonitoring_run-03_eeg.edf,sub-001_ses-01_task-szMonitoring_run-03_eeg.edf,ses-01,BTEleft SD,256.0,1082.9833333333333
2205440,2208000,8615.0,8625.0,-0.0007478635953772315,0.0004966596806838636,0.0032499869382772565,0.00012647400298981462,8.05970795707557e-07,0.00035807034969062183,2013.451135412528,66.2217687004119,51.089622040182086,33.30107601104938,3346.6843981362736,75.31377461847526,549.589795837679,EXTREME,/Volumes/Verbatim/SEIZEL_IT2/SUB10/sub-010_ses-01_task-szMonitoring_run-03_eeg.edf,sub-010_ses-01_task-szMonitoring_run-03_eeg.edf,ses-01,BTEright SD,256.0,149.13333333333333
13127680,13130240,51280.0,51290.0,1.8381467101310267e-05,0.0004872026888142252,0.0029509571068894484,2.4637226946955824e-05,2.3770433832060732e-07,0.0001472983715984716,2052.533824025703,76.73992661971371,101.69358007560274,13.312563329578385,3217.570866217677,152.5193270804643,547.747765638634,EXTREME,/Volumes/Verbatim/SEIZEL_IT2/SUB1/sub-001_ses-01_task-szMonitoring_run-03_eeg.edf,sub-001_ses-01_task-szMonitoring_run-03_eeg.edf,ses-01,BTEleft SD,256.0,1082.9833333333333
16108800,16111360,62925.0,62935.0,-0.00028630972347791267,0.00039161622123022783,0.00248596388189517,2.0758447603141444e-05,2.3533652248864153e-07,0.00010311113494211951,2553.5203682448796,52.59826887365573,85.18866762757594,10.633105885639477,3185.476870526772,121.88321639467709,527.5836010269061,EXTREME,/Volumes/Verbatim/SEIZEL_IT2/SUB1/sub-001_ses-01_task-szMonitoring_run-03_eeg.edf,sub-001_ses-01_task-szMonitoring_run-03_eeg.edf,ses-01,BTEleft SD,256.0,1082.9833333333333
2088960,2091520,8160.0,8170.0,-4.736984369635489e-05,0.0009920838847830864,0.00354294593728542,0.0003127509454394598,9.864743365381171e-07,0.0006364460286090806,1007.979279101651,221.2492122508462,100.19260622760864,140.06229094383926,2489.5999591442446,223.0053514618955,521.228732739912,EXTREME,/Volumes/Verbatim/SEIZEL_IT2/SUB100/sub-100_ses-01_task-szMonitoring_run-05_eeg.edf,sub-100_ses-01_task-szMonitoring_run-05_eeg.edf,ses-01,BTEleft SD,256.0,138.25
2199040,2201600,8590.0,8600.0,0.0007527711562762267,0.00045156244041513814,0.0026399093766689558,7.417852940580415e-05,7.705730513151224e-07,0.0002349442936307072,2214.5331592816483,42.76630617199875,41.17451283831891,18.620868490249375,3199.6519629781246,68.28430407899639,513.7035082805315,EXTREME,/Volumes/Verbatim/SEIZEL_IT2/SUB10/sub-010_ses-01_task-szMonitoring_run-03_eeg.edf,sub-010_ses-01_task-szMonitoring_run-03_eeg.edf,ses-01,BTEright SD,256.0,149.13333333333333
2206720,2209280,8620.0,8630.0,-0.0007578842615765906,0.00041909534694954323,0.003270950087739376,0.00011332645064421683,7.500294637802521e-07,0.0003382674826568057,2386.091864041389,62.4493307572945,51.430319566548974,29.610339823071353,3114.3195850545717,63.22354036798102,511.53568943796097,EXTREME,/Volumes/Verbatim/SEIZEL_IT2/SUB10/sub-010_ses-01_task-szMonitoring_run-03_eeg.edf,sub-010_ses-01_task-szMonitoring_run-03_eeg.edf,ses-01,BTEright SD,256.0,149.13333333333333
15243520,15246080,59545.0,59555.0,-0.00043149996809910724,0.0007298226700607022,0.0034529018081940945,8.119415798809797e-05,7.188333522040633e-07,0.0003157122436656377,1370.1958566820488,191.26416077937213,120.05716127800149,62.44275562190591,2573.6721464797615,154.86598628305208,504.9798602530312,EXTREME,/Volumes/Verbatim/SEIZEL_IT2/SUB10/sub-010_ses-01_task-szMonitoring_run-09_eeg.edf,sub-010_ses-01_task-szMonitoring_run-09_eeg.edf,ses-01,BTEright SD,256.0,1054.6333333333334
2090240,2092800,8165.0,8175.0,-0.000618994670512417,0.0007583535241610079,0.00354294593728542,0.0002476954225795377,9.58254469730196e-07,0.0005600500550504261,1318.6462076347407,194.17590715198534,100.19260622760864,110.02166305042516,2418.3219852015823,169.49988052549497,489.70270719158844,EXTREME,/Volumes/Verbatim/SEIZEL_IT2/SUB100/sub-100_ses-01_task-szMonitoring_run-05_eeg.edf,sub-100_ses-01_task-szMonitoring_run-05_eeg.edf,ses-01,BTEleft SD,256.0,138.25
2087680,2090240,8155.0,8165.0,0.0005489254470058939,0.0008071503608131605,0.0031509912565804536,0.0002571260718270771,9.528108513314356e-07,0.0005405897795815038,1238.9265337794402,187.27954926116652,88.68643025779727,114.37644512555575,2404.57244864205,180.67043499831172,484.91332811421756,EXTREME,/Volumes/Verbatim/SEIZEL_IT2/SUB100/sub-100_ses-01_task-szMonitoring_run-05_eeg.edf,sub-100_ses-01_task-szMonitoring_run-05_eeg.edf,ses-01,BTEleft SD,256.0,138.25
2208000,2210560,8625.0,8635.0,-0.0007545409394908254,0.0003525919001814412,0.0032379081712062257,9.374255631532768e-05,6.936530774412569e-07,0.00030038293206356546,2836.1400152677,55.23233960788973,50.89331537022783,24.112815599456447,2880.147676332314,52.85740671890338,471.64043717843566,EXTREME,/Volumes/Verbatim/SEIZEL_IT2/SUB10/sub-010_ses-01_task-szMonitoring_run-03_eeg.edf,sub-010_ses-01_task-szMonitoring_run-03_eeg.edf,ses-01,BTEright SD,256.0,149.13333333333333
14357760,14360320,56085.0,56095.0,-0.00020722763616888885,0.00039753928214687843,0.0024109557335774776,1.1463465824559395e-05,2.0098077404200076e-07,5.3880071628181474e-05,2515.4746773302677,25.70092088507655,82.5262569636628,4.212140445154746,2719.8100615972485,123.78159756125496,446.69267078725306,EXTREME,/Volumes/Verbatim/SEIZEL_IT2/SUB1/sub-001_ses-01_task-szMonitoring_run-03_eeg.edf,sub-001_ses-01_task-szMonitoring_run-03_eeg.edf,ses-01,BTEleft SD,256.0,1082.9833333333333
3608320,3610880,14095.0,14105.0,-3.859100716697195e-05,0.0003576380463315679,0.0024239645532921337,6.125182891298541e-05,1.29394238018022e-07,0.00019915412918046678,2796.1230843901108,170.77130877640778,265.74845896745535,63.6899658025315,1913.7711996715511,329.63131064880287,445.68645404135304,EXTREME,/Volumes/Verbatim/SEIZEL_IT2/SUB1/sub-001_ses-01_task-szMonitoring_run-01_eeg.edf,sub-001_ses-01_task-szMonitoring_run-01_eeg.edf,ses-01,BTEleft SD,256.0,1088.65
14849280,14851840,58005.0,58015.0,-0.00014294202216611358,0.00041609919932049524,0.002671932524605173,1.547542894541085e-05,1.93570965376095e-07,8.385747644221438e-05,2403.2730638024836,42.079049546158565,91.78961577266932,6.983601128041234,2619.3755750195573,129.73017680287515,440.36166465451873,EXTREME,/Volumes/Verbatim/SEIZEL_IT2/SUB1/sub-001_ses-01_task-szMonitoring_run-03_eeg.edf,sub-001_ses-01_task-szMonitoring_run-03_eeg.edf,ses-01,BTEleft SD,256.0,1082.9833333333333
2209280,2211840,8630.0,8640.0,-0.0007684424204325455,0.0002442674521423678,0.003055928068970779,6.055530931706341e-05,6.50170341696353e-07,0.00020335952179924462,4093.873281665422,36.74942025955752,47.93573636752856,14.796604470860252,2699.532424325525,35.97248179536998,433.9358770868887,EXTREME,/Volumes/Verbatim/SEIZEL_IT2/SUB10/sub-010_ses-01_task-szMonitoring_run-03_eeg.edf,sub-010_ses-01_task-szMonitoring_run-03_eeg.edf,ses-01,BTEright SD,256.0,149.13333333333333
2197760,2200320,8585.0,8595.0,0.0007912044548237585,0.0001831553699637804,0.002380964568551156,3.471167662079423e-05,6.595503788795301e-07,0.0001055951228920256,5459.8453473567715,18.125342882586576,36.966087203101196,7.541867778150319,2738.494503197739,26.446719715012566,428.66430845631777,EXTREME,/Volumes/Verbatim/SEIZEL_IT2/SUB10/sub-010_ses-01_task-szMonitoring_run-03_eeg.edf,sub-010_ses-01_task-szMonitoring_run-03_eeg.edf,ses-01,BTEright SD,256.0,149.13333333333333
2210560,2213120,8635.0,8645.0,-0.0007986411708259423,0.00012544644853226786,0.002354960280766003,3.979254978255894e-05,6.535645311875906e-07,0.00010951947310678515,7971.528917147837,18.872929968181776,36.54346003348893,8.968153215297116,2713.630948252703,17.451420653459074,424.4976324418722,EXTREME,/Volumes/Verbatim/SEIZEL_IT2/SUB10/sub-010_ses-01_task-szMonitoring_run-03_eeg.edf,sub-010_ses-01_task-szMonitoring_run-03_eeg.edf,ses-01,BTEright SD,256.0,149.13333333333333
12902400,12904960,50400.0,50410.0,0.00020259855943508226,0.0003889969493193216,0.0015889218127718011,7.3619985801956954e-06,1.9236480286490943e-07,1.6068327941690272e-05,2570.714241279052,5.042508095877713,53.348201966468324,1.3788503905122795,2603.0269325643785,121.04372199544967,415.2687003891551,EXTREME,/Volumes/Verbatim/SEIZEL_IT2/SUB1/sub-001_ses-01_task-szMonitoring_run-03_eeg.edf,sub-001_ses-01_task-szMonitoring_run-03_eeg.edf,ses-01,BTEleft SD,256.0,1082.9833333333333
2603520,2606080,10170.0,10180.0,-0.00018066538490882732,0.0004881711008889623,0.002305972686350805,4.3243778133821625e-05,2.709510050473961e-07,0.00014432854597779533,2048.4620989045284,53.90404800894642,74.66661931360099,19.57166943494619,2422.3892882214923,135.94361943338305,414.6668297294028,EXTREME,/Volumes/Verbatim/SEIZEL_IT2/SUB1/sub-001_ses-01_task-szMonitoring_run-07_eeg.edf,sub-001_ses-01_task-szMonitoring_run-07_eeg.edf,ses-01,BTEleft SD,256.0,491.96666666666664
4995840,4998400,19515.0,19525.0,0.0003509685623676757,0.00035779699041929016,0.002647,2.6091322057154577e-05,2.5119761812353474e-07,0.00014806924348659598,2794.880963177619,61.87177456074895,108.31615523616486,11.774807102038656,2345.9345042713153,140.87836755682076,411.65132596028224,EXTREME,/Volumes/Verbatim/SEIZEL_IT2/SUB1/sub-001_ses-01_task-szMonitoring_run-02_eeg.edf,sub-001_ses-01_task-szMonitoring_run-02_eeg.edf,ses-01,BTEleft SD,256.0,330.26666666666665
5918720,5921280,23120.0,23130.0,2.0019771972991614e-05,0.0007696298559516262,0.0030129179217212175,5.2605829137102314e-05,5.927309064419714e-07,0.00022869879272157103,1299.3258914887099,137.5045025455574,104.3961152294634,39.0623071926246,2121.9779436878594,163.45871537422573,411.46082346596415,EXTREME,/Volumes/Verbatim/SEIZEL_IT2/SUB10/sub-010_ses-01_task-szMonitoring_run-09_eeg.edf,sub-010_ses-01_task-szMonitoring_run-09_eeg.edf,ses-01,BTEright SD,256.0,1054.6333333333334
2091520,2094080,8170.0,8180.0,-0.000782209118863012,0.0005224648903455241,0.0028089364614328222,0.00010996482855058369,8.848206672762102e-07,0.00032620986748918123,1914.0042069136189,111.30731542758222,78.64510951834946,46.421935573457404,2232.842277113215,115.50033845809027,410.4473448308064,EXTREME,/Volumes/Verbatim/SEIZEL_IT2/SUB100/sub-100_ses-01_task-szMonitoring_run-05_eeg.edf,sub-100_ses-01_task-szMonitoring_run-05_eeg.edf,ses-01,BTEleft SD,256.0,138.25
2086400,2088960,8150.0,8160.0,0.0007613982930161366,0.0005410731885598656,0.0026499920805676353,0.00012853513870808537,8.724875559862265e-07,0.0003461042393932621,1848.1788033397977,118.35750898124984,73.97915678024663,54.997130311465924,2201.6912021934477,119.76014346003092,409.45008023680015,EXTREME,/Volumes/Verbatim/SEIZEL_IT2/SUB100/sub-100_ses-01_task-szMonitoring_run-05_eeg.edf,sub-100_ses-01_task-szMonitoring_run-05_eeg.edf,ses-01,BTEleft SD,256.0,138.25
14356480,14359040,56080.0,56090.0,0.0001661521968521113,0.0003925735647067824,0.0024109557335774776,1.2042678172922864e-05,1.81720556225373e-07,5.523888279356816e-05,2547.2932651479423,26.44330616595317,82.5262569636628,4.612259838622904,2458.7520269022257,122.19005146718635,407.7146697005932,EXTREME,/Volumes/Verbatim/SEIZEL_IT2/SUB1/sub-001_ses-01_task-szMonitoring_run-03_eeg.edf,sub-001_ses-01_task-szMonitoring_run-03_eeg.edf,ses-01,BTEleft SD,256.0,1082.9833333333333
9921280,9923840,38755.0,38765.0,-0.00017832235008010975,0.0007770851414494906,0.0025529616845960173,2.288074430647746e-05,6.356601775996681e-07,0.00013170877458185823,1286.8602748572027,77.58100599748718,88.02416154798664,14.752183415864122,2275.7489732251975,165.06800392720305,405.5777674683906,EXTREME,/Volumes/Verbatim/SEIZEL_IT2/SUB10/sub-010_ses-01_task-szMonitoring_run-09_eeg.edf,sub-010_ses-01_task-szMonitoring_run-09_eeg.edf,ses-01,BTEright SD,256.0,1054.6333333333334
5920000,5922560,23125.0,23135.0,0.000391290894798581,0.0006623294535844279,0.0030129179217212175,4.1556036135271235e-05,5.917888694377209e-07,0.0002208213865844565,1509.8226314386702,132.63759223335228,104.3961152294634,30.025433551633597,2118.6036026823076,140.2969854433119,405.12770598457007,EXTREME,/Volumes/Verbatim/SEIZEL_IT2/SUB10/sub-010_ses-01_task-szMonitoring_run-09_eeg.edf,sub-010_ses-01_task-szMonitoring_run-09_eeg.edf,ses-01,BTEright SD,256.0,1054.6333333333334
14885120,14887680,58145.0,58155.0,5.858968855501818e-05,0.0004172384644135896,0.002347979446097505,1.3245640449759669e-05,1.775206877911843e-07,6.087521980708227e-05,2396.7109528330407,29.522713918466145,80.29091662903427,5.443265147699935,2401.825910601485,130.09531898643604,400.76320471567635,EXTREME,/Volumes/Verbatim/SEIZEL_IT2/SUB1/sub-001_ses-01_task-szMonitoring_run-03_eeg.edf,sub-001_ses-01_task-szMonitoring_run-03_eeg.edf,ses-01,BTEleft SD,256.0,1082.9833333333333
2211840,2214400,8640.0,8650.0,-0.0007476361241488327,0.0001434067550342693,0.002354960280766003,3.6561510786221104e-05,5.795252715217475e-07,0.00010278593733123455,6973.172168827487,17.590194200292796,36.54346003348893,8.06114693495741,2406.0923512933437,20.25095882217013,378.0164379400103,EXTREME,/Volumes/Verbatim/SEIZEL_IT2/SUB10/sub-010_ses-01_task-szMonitoring_run-03_eeg.edf,sub-010_ses-01_task-szMonitoring_run-03_eeg.edf,ses-01,BTEright SD,256.0,149.13333333333333
4999680,5002240,19530.0,19540.0,-0.0005030856335831998,8.725578910124462e-05,0.0006300130617227437,2.045716036755169e-05,2.607087274494904e-07,2.5681733502348816e-05,11460.557503859403,7.856289259494289,23.043992226510987,8.445462989651237,2434.987634630767,30.750014028255148,377.370738881496,EXTREME,/Volumes/Verbatim/SEIZEL_IT2/SUB1/sub-001_ses-01_task-szMonitoring_run-02_eeg.edf,sub-001_ses-01_task-szMonitoring_run-02_eeg.edf,ses-01,BTEleft SD,256.0,330.26666666666665
3616000,3618560,14125.0,14135.0,0.00010791548185130071,0.000316316739678393,0.0025929604180971993,2.9861792935072858e-05,1.1170203102396667e-07,0.00011858379097412661,3161.388163823819,99.66516689020047,284.7783491238077,28.479229386742333,1651.0144573832847,290.54877360165256,374.2413700813381,EXTREME,/Volumes/Verbatim/SEIZEL_IT2/SUB1/sub-001_ses-01_task-szMonitoring_run-01_eeg.edf,sub-001_ses-01_task-szMonitoring_run-01_eeg.edf,ses-01,BTEleft SD,256.0,1088.65
2092800,2095360,8175.0,8185.0,-0.0008621188793917371,0.0003208142569404903,0.002507915266651408,6.959085665698672e-05,8.461707496599435e-07,0.00022215157233307077,3117.068444587322,74.4310005958099,69.80836637353431,27.77848436569074,2135.219994219767,69.33854725457032,372.78507421480055,EXTREME,/Volumes/Verbatim/SEIZEL_IT2/SUB100/sub-100_ses-01_task-szMonitoring_run-05_eeg.edf,sub-100_ses-01_task-szMonitoring_run-05_eeg.edf,ses-01,BTEleft SD,256.0,138.25
7246080,7248640,28305.0,28315.0,-0.0004770268169203478,0.0005827120713546992,0.003251993957427329,1.9157756494621194e-05,5.67107942163643e-07,0.00014100429239664967,1716.113407362695,83.3240704939264,112.90592870083961,11.707405073218299,2030.1974524141199,123.11087742947053,370.92679703275087,EXTREME,/Volumes/Verbatim/SEIZEL_IT2/SUB10/sub-010_ses-01_task-szMonitoring_run-09_eeg.edf,sub-010_ses-01_task-szMonitoring_run-09_eeg.edf,ses-01,BTEright SD,256.0,1054.6333333333334
2191360,2193920,8560.0,8570.0,1.8999782582780292e-05,0.0007185787257263624,0.002446948577096208,7.452411331969558e-05,5.167163768047156e-07,0.0002225892131686812,1391.6359652834587,40.41266847672844,38.03847322657032,18.717879631445495,2145.2015827332234,109.90510171476673,358.2664521199183,EXTREME,/Volumes/Verbatim/SEIZEL_IT2/SUB10/sub-010_ses-01_task-szMonitoring_run-03_eeg.edf,sub-010_ses-01_task-szMonitoring_run-03_eeg.edf,ses-01,BTEright SD,256.0,149.13333333333333
2094080,2096640,8180.0,8190.0,-0.000859386980609121,0.00028305881039414446,0.002387950102998398,6.261448570539597e-05,8.1866827258221e-07,0.0002017286233136128,3532.8347316754353,67.19348919217875,66.28668299739479,24.557012081863,2065.7540092153617,60.69558387360547,357.6191200027789,EXTREME,/Volumes/Verbatim/SEIZEL_IT2/SUB100/sub-100_ses-01_task-szMonitoring_run-05_eeg.edf,sub-100_ses-01_task-szMonitoring_run-05_eeg.edf,ses-01,BTEleft SD,256.0,138.25
15242240,15244800,59540.0,59550.0,-0.00011599299582284265,0.0006762923117953519,0.0033919080796520947,5.992376015678645e-05,4.7082566607345956e-07,0.00026899155927082523,1478.6505495924557,162.3986463300075,117.88611451757161,45.04714491107011,1685.3179722524517,143.3109904592328,356.55497298502195,EXTREME,/Volumes/Verbatim/SEIZEL_IT2/SUB10/sub-010_ses-01_task-szMonitoring_run-09_eeg.edf,sub-010_ses-01_task-szMonitoring_run-09_eeg.edf,ses-01,BTEright SD,256.0,1054.6333333333334
2287360,2289920,8935.0,8945.0,-0.0001238044007555599,0.0006563059444282882,0.003065960433356222,0.0002505207103551537,4.4606502233835066e-07,0.0004782909018559873,1523.6796298522422,89.12373394396445,48.098784469432715,68.12304589855252,1851.7354064920241,100.19841724942495,342.21782565273065,EXTREME,/Volumes/Verbatim/SEIZEL_IT2/SUB10/sub-010_ses-01_task-szMonitoring_run-03_eeg.edf,sub-010_ses-01_task-szMonitoring_run-03_eeg.edf,ses-01,BTEright SD,256.0,149.13333333333333
7142400,7144960,27900.0,27910.0,2.359521200503631e-06,0.0007324215662667543,0.002509948455024033,1.552681191348135e-05,5.364469180729414e-07,8.621036869789866e-05,1365.3339069899225,49.47065381668058,86.49312327650959,8.737902624460718,1920.3708209817573,155.42698075012834,339.9592552383087,EXTREME,/Volumes/Verbatim/SEIZEL_IT2/SUB10/sub-010_ses-01_task-szMonitoring_run-09_eeg.edf,sub-010_ses-01_task-szMonitoring_run-09_eeg.edf,ses-01,BTEright SD,256.0,1054.6333333333334
7141120,7143680,27895.0,27905.0,-0.0003628919701304645,0.0006214476628627445,0.002509948455024033,2.408834644655528e-05,5.178877796627373e-07,0.0001208341083358879,1609.1459637715593,70.86229372430121,86.49312327650959,15.73979901614416,1853.8926874448598,131.47229350462416,336.4795197292275,EXTREME,/Volumes/Verbatim/SEIZEL_IT2/SUB10/sub-010_ses-01_task-szMonitoring_run-09_eeg.edf,sub-010_ses-01_task-szMonitoring_run-09_eeg.edf,ses-01,BTEright SD,256.0,1054.6333333333334
2286080,2288640,8930.0,8940.0,1.2335719045644677e-06,0.0006409022761588033,0.00302997369344625,0.0003351760962236305,4.107572492851788e-07,0.0005503570727314288,1560.3002760937595,102.85230955685174,47.51392038250288,91.88721796033144,1705.076687380853,97.79739156237552,329.41977827683047,EXTREME,/Volumes/Verbatim/SEIZEL_IT2/SUB10/sub-010_ses-01_task-szMonitoring_run-03_eeg.edf,sub-010_ses-01_task-szMonitoring_run-03_eeg.edf,ses-01,BTEright SD,256.0,149.13333333333333
9922560,9925120,38760.0,38770.0,0.0001529592379549097,0.0006914239006754643,0.0025239452506294344,1.0928603799496453e-05,5.014635389010209e-07,8.618439869467116e-05,1446.2907596581367,49.45460872844774,86.99133347749085,4.977341164696254,1795.0616767337583,146.57727620779326,319.6198271142372,EXTREME,/Volumes/Verbatim/SEIZEL_IT2/SUB10/sub-010_ses-01_task-szMonitoring_run-09_eeg.edf,sub-010_ses-01_task-szMonitoring_run-09_eeg.edf,ses-01,BTEright SD,256.0,1054.6333333333334
7139840,7142400,27890.0,27900.0,-0.00017547357318608366,0.0006354264876653668,0.002378970748455024,5.134338378347448e-05,4.3455779611343645e-07,0.00020091789616654576,1573.7461655090488,120.34058721955617,81.83102551117334,38.02983906064236,1555.4078304661484,134.48974504895196,312.85152751602527,EXTREME,/Volumes/Verbatim/SEIZEL_IT2/SUB10/sub-010_ses-01_task-szMonitoring_run-09_eeg.edf,sub-010_ses-01_task-szMonitoring_run-09_eeg.edf,ses-01,BTEright SD,256.0,1054.6333333333334
2095360,2097920,8185.0,8195.0,-0.0008484441803401808,0.00014668231279483377,0.00247893765163653,3.517894626916914e-05,7.413732280399626e-07,0.00010994255257434799,6817.454498288808,34.666221311472015,68.9577028811455,11.888128718441125,1870.5215437937754,29.476324598570788,311.8282078078559,EXTREME,/Volumes/Verbatim/SEIZEL_IT2/SUB100/sub-100_ses-01_task-szMonitoring_run-05_eeg.edf,sub-100_ses-01_task-szMonitoring_run-05_eeg.edf,ses-01,BTEleft SD,256.0,138.25
2085120,2087680,8145.0,8155.0,0.0008514804178945412,0.00013509747580454657,0.002337942092011902,3.308200984564546e-05,7.432702300266226e-07,0.00010207166971011554,7402.062745011578,31.876927540418013,64.8186536495223,10.919828349064966,1875.3130071658272,26.824327839412067,310.284004897679,EXTREME,/Volumes/Verbatim/SEIZEL_IT2/SUB100/sub-100_ses-01_task-szMonitoring_run-05_eeg.edf,sub-100_ses-01_task-szMonitoring_run-05_eeg.edf,ses-01,BTEleft SD,256.0,138.25
13027840,13030400,50890.0,50900.0,0.00021461400806820796,0.000592072735256887,0.0032419808651865415,4.079981803616388e-05,3.9660929629367256e-07,0.0002184879676973971,1688.9816719514047,131.1959323460174,112.54951678782994,29.406974237008328,1419.4777359335194,125.13145856890162,299.7446807729918,EXTREME,/Volumes/Verbatim/SEIZEL_IT2/SUB10/sub-010_ses-01_task-szMonitoring_run-09_eeg.edf,sub-010_ses-01_task-szMonitoring_run-09_eeg.edf,ses-01,BTEright SD,256.0,1054.6333333333334
5136640,5139200,20065.0,20075.0,-0.0004870111956218529,9.059181333888582e-05,0.0005470187228198671,1.984874849794003e-05,2.453867813050542e-07,2.4971355640526894e-05,11038.524918589228,11.206690769480096,23.00430264104404,11.720437137835129,1876.9463926430112,30.044523579930914,295.41370097953865,EXTREME,/Volumes/Verbatim/SEIZEL_IT2/SUB1/sub-001_ses-01_task-szMonitoring_run-06_eeg.edf,sub-001_ses-01_task-szMonitoring_run-06_eeg.edf,ses-01,BTEleft SD,256.0,336.53333333333336
5809920,5812480,22695.0,22705.0,-4.112191548409237e-05,0.0006669407393322897,0.0023649739528496224,2.0915094558251317e-05,4.4650096171418216e-07,0.0001107735324540454,1499.38358766593,64.64655219037586,81.33281531019206,13.144612270031633,1598.1877990245553,141.29237178641944,295.3791858150015,EXTREME,/Volumes/Verbatim/SEIZEL_IT2/SUB10/sub-010_ses-01_task-szMonitoring_run-09_eeg.edf,sub-010_ses-01_task-szMonitoring_run-09_eeg.edf,ses-01,BTEright SD,256.0,1054.6333333333334
7476480,7479040,29205.0,29215.0,0.00035923310182536057,0.0005704245903112297,0.0026079798580910963,1.422819695582513e-05,4.5443263467880416e-07,9.425526381211317e-05,1753.0801007391867,54.44104410892481,89.98251087645917,7.67585383506752,1626.5987523166127,120.4585172222262,294.6217029501435,EXTREME,/Volumes/Verbatim/SEIZEL_IT2/SUB10/sub-010_ses-01_task-szMonitoring_run-09_eeg.edf,sub-010_ses-01_task-szMonitoring_run-09_eeg.edf,ses-01,BTEright SD,256.0,1054.6333333333334
2602240,2604800,10165.0,10175.0,5.180379949645227e-05,0.000419393667441039,0.002305972686350805,5.230536354619668e-05,1.7857468193191346e-07,0.00015179151911945475,2384.39460404154,56.870329472936376,74.66661931360099,24.43598640278865,1595.7699113930278,116.27222506140232,290.71784567390006,EXTREME,/Volumes/Verbatim/SEIZEL_IT2/SUB1/sub-001_ses-01_task-szMonitoring_run-07_eeg.edf,sub-001_ses-01_task-szMonitoring_run-07_eeg.edf,ses-01,BTEleft SD,256.0,491.96666666666664
9920000,9922560,38750.0,38760.0,-6.0947127346074506e-05,0.0006403969244611065,0.0026529311055161365,2.7572278410391397e-05,4.1382277319098283e-07,0.00012589362299292466,1561.5315443308345,73.98822167957925,91.58253209884133,18.58906985097151,1481.1357607039217,135.56265728564264,283.6568278119678,EXTREME,/Volumes/Verbatim/SEIZEL_IT2/SUB10/sub-010_ses-01_task-szMonitoring_run-09_eeg.edf,sub-010_ses-01_task-szMonitoring_run-09_eeg.edf,ses-01,BTEright SD,256.0,1054.6333333333334
2096640,2099200,8190.0,8200.0,-0.000804518689345388,0.00010864007528120967,0.00247893765163653,3.08697889069295e-05,6.590529874631276e-07,7.637358518966716e-05,9204.70634990671,22.770006713703882,68.9577028811455,9.89829315702478,1662.596396494982,20.767709131485457,275.20693194482624,EXTREME,/Volumes/Verbatim/SEIZEL_IT2/SUB100/sub-100_ses-01_task-szMonitoring_run-05_eeg.edf,sub-100_ses-01_task-szMonitoring_run-05_eeg.edf,ses-01,BTEleft SD,256.0,138.25
12602880,12605440,49230.0,49240.0,-6.332580366168921e-06,0.0005075520447297361,0.002464981918059052,2.0952108010032804e-05,2.5764917968343e-07,8.446446622296914e-05,1970.241295278879,31.4496645499706,107.13196315642419,7.454779051951533,1491.5554813973145,138.35073113985075,271.4931263577471,EXTREME,/Volumes/Verbatim/SEIZEL_IT2/SUB1/sub-001_ses-01_task-szMonitoring_run-05_eeg.edf,sub-001_ses-01_task-szMonitoring_run-05_eeg.edf,ses-01,BTEleft SD,256.0,1041.85
7354880,7357440,28730.0,28740.0,5.8530790083543224e-05,0.0006377133802528563,0.0024499775692378117,1.3666369449530787e-05,4.101042087413277e-07,8.283862546089724e-05,1568.1025824413357,47.38748435142294,84.35848418461292,7.216373355969521,1467.8160031491304,134.98339080725188,268.57133058420925,EXTREME,/Volumes/Verbatim/SEIZEL_IT2/SUB10/sub-010_ses-01_task-szMonitoring_run-09_eeg.edf,sub-010_ses-01_task-szMonitoring_run-09_eeg.edf,ses-01,BTEright SD,256.0,1054.6333333333334
5603840,5606400,21890.0,21900.0,-0.0003514907959129662,0.0007722402507981766,0.0032229813687342642,3.521545026035707e-05,7.199007845643613e-07,0.00019042333463282146,1294.9337951129592,27.579460232877892,91.92512832106436,4.666669942991827,1462.5083445818066,129.77994317666568,261.325416739256,EXTREME,/Volumes/Verbatim/SEIZEL_IT2/SUB10/sub-010_ses-01_task-szMonitoring_run-02_eeg.edf,sub-010_ses-01_task-szMonitoring_run-02_eeg.edf,ses-01,BTEright SD,256.0,951.8333333333334
13497600,13500160,52725.0,52735.0,-0.00011040023186560622,0.0004779660762996176,0.002542919356069276,1.976329051866369e-05,2.406397812892315e-07,0.0001005899481754036,2092.198688345701,38.04754205766266,110.63580120671327,6.861429171128218,1392.8869552189562,130.08557324154938,258.7576864027486,EXTREME,/Volumes/Verbatim/SEIZEL_IT2/SUB1/sub-001_ses-01_task-szMonitoring_run-05_eeg.edf,sub-001_ses-01_task-szMonitoring_run-05_eeg.edf,ses-01,BTEleft SD,256.0,1041.85
3612160,3614720,14110.0,14120.0,0.0001412536486586365,0.00021974296668190335,0.0026169999999999995,2.34053669675555e-05,6.823956466554158e-08,8.011893042996218e-05,4550.771342305639,65.71858192636438,287.48534200521703,21.23694673723299,1005.5293533490415,199.20732371484448,255.49609679655822,EXTREME,/Volumes/Verbatim/SEIZEL_IT2/SUB1/sub-001_ses-01_task-szMonitoring_run-01_eeg.edf,sub-001_ses-01_task-szMonitoring_run-01_eeg.edf,ses-01,BTEleft SD,256.0,1088.65
14046720,14049280,54870.0,54880.0,-1.1571690520809569e-05,0.00048235899354880557,0.0023289627679865723,2.9695312023155563e-05,2.3280410267892602e-07,0.00011841343101513562,2073.1447144162644,45.34017100877749,101.01694211186,11.818593596121614,1347.433562796222,131.312781834855,253.68247959758725,EXTREME,/Volumes/Verbatim/SEIZEL_IT2/SUB1/sub-001_ses-01_task-szMonitoring_run-05_eeg.edf,sub-001_ses-01_task-szMonitoring_run-05_eeg.edf,ses-01,BTEleft SD,256.0,1041.85
5000960,5003520,19535.0,19545.0,-0.00041006184519722273,7.437026153256668e-05,0.0004840009308003357,1.9694329658054857e-05,1.736816526869735e-07,2.4760795653012022e-05,13446.234636621068,7.449835162416708,16.871036917223307,7.994690350999717,1620.1475178760943,25.50474296206657,253.15318973811125,EXTREME,/Volumes/Verbatim/SEIZEL_IT2/SUB1/sub-001_ses-01_task-szMonitoring_run-02_eeg.edf,sub-001_ses-01_task-szMonitoring_run-02_eeg.edf,ses-01,BTEleft SD,256.0,330.26666666666665
3756800,3759360,14675.0,14685.0,-0.00010796359425068675,0.00040338514776490413,0.0021889540856031126,1.8531361974994276e-05,1.7437571512084044e-07,8.206050039744281e-05,2479.020368156408,45.511846997677694,102.1828884088195,10.682320224052166,1332.6379658173212,146.68314049120661,253.06619709748034,EXTREME,/Volumes/Verbatim/SEIZEL_IT2/SUB1/sub-001_ses-01_task-szMonitoring_run-06_eeg.edf,sub-001_ses-01_task-szMonitoring_run-06_eeg.edf,ses-01,BTEleft SD,256.0,336.53333333333336
8537600,8540160,33350.0,33360.0,-9.07466878683624e-05,0.0004765784687137006,0.0023319336995498586,1.9051717593652242e-05,2.3536199820057365e-07,9.483557769847334e-05,2098.2903415690166,35.69309264321067,101.15050645939324,6.506276497721302,1362.2714644897515,129.69793016589426,251.33445170659877,EXTREME,/Volumes/Verbatim/SEIZEL_IT2/SUB1/sub-001_ses-01_task-szMonitoring_run-05_eeg.edf,sub-001_ses-01_task-szMonitoring_run-05_eeg.edf,ses-01,BTEleft SD,256.0,1041.85
7700480,7703040,30080.0,30090.0,-9.565744144350334e-05,0.0003379536337268996,0.002598975204089418,1.4682298008697644e-05,1.233630046527327e-07,9.238888448683418e-05,2958.9857816090666,63.28585080664227,213.1790708790195,9.425340763445881,1083.3539592722984,198.84532592283077,249.0585565939457,EXTREME,/Volumes/Verbatim/SEIZEL_IT2/SUB1/sub-001_ses-01_task-szMonitoring_run-09_eeg.edf,sub-001_ses-01_task-szMonitoring_run-09_eeg.edf,ses-01,BTEleft SD,256.0,810.95
8428800,8431360,32925.0,32935.0,0.00015942070992599387,0.0003212561458048044,0.0025799563591973754,1.4120772869459068e-05,1.2862047397066558e-07,6.45086903064839e-05,3112.780906905421,42.9415874937697,211.57713357906323,8.906260652157064,1129.7020002839006,188.72447926402708,247.45398243805127,EXTREME,/Volumes/Verbatim/SEIZEL_IT2/SUB1/sub-001_ses-01_task-szMonitoring_run-09_eeg.edf,sub-001_ses-01_task-szMonitoring_run-09_eeg.edf,ses-01,BTEleft SD,256.0,810.95
2097920,2100480,8195.0,8205.0,-0.0007770743858362897,8.010946390397132e-05,0.0008939810482948041,2.7544361767566945e-05,6.102621273298284e-07,3.7866219893220385e-05,12482.919480222696,9.123716200453538,22.429901376737146,8.362713779769571,1539.3600367739216,14.236491733028373,241.67947839085116,EXTREME,/Volumes/Verbatim/SEIZEL_IT2/SUB100/sub-100_ses-01_task-szMonitoring_run-05_eeg.edf,sub-100_ses-01_task-szMonitoring_run-05_eeg.edf,ses-01,BTEleft SD,256.0,138.25
2083840,2086400,8140.0,8150.0,0.000768701595563201,9.916112736973979e-05,0.000663025131609064,2.390604666757267e-05,6.007350722026489e-07,3.198792811112217e-05,10084.5968217639,7.04055946504411,15.649986377697948,6.682652421823724,1515.2965218137872,18.597791750470222,236.08498101978483,EXTREME,/Volumes/Verbatim/SEIZEL_IT2/SUB100/sub-100_ses-01_task-szMonitoring_run-05_eeg.edf,sub-100_ses-01_task-szMonitoring_run-05_eeg.edf,ses-01,BTEleft SD,256.0,138.25
11796480,11799040,46080.0,46090.0,0.00021590230736080905,0.00040686714846543384,0.0027299394979781793,2.3212182302395663e-05,2.121546828241146e-07,0.00011504878556763139,2457.804719092852,43.9634978287182,119.04367688393171,8.5828031782461,1227.6499128226117,110.22332447529828,236.0823396234085,EXTREME,/Volumes/Verbatim/SEIZEL_IT2/SUB1/sub-001_ses-01_task-szMonitoring_run-05_eeg.edf,sub-001_ses-01_task-szMonitoring_run-05_eeg.edf,ses-01,BTEleft SD,256.0,1041.85
14519040,14521600,56715.0,56725.0,0.00014016065082708657,0.0004363347546443482,0.002711965362020294,2.2439024441853587e-05,2.1003302615081604e-07,8.271526095309471e-05,2291.818350622267,30.73396239976612,118.23561258135551,8.1969128900052,1215.342555903848,118.45541660805911,230.19031698057339,EXTREME,/Volumes/Verbatim/SEIZEL_IT2/SUB1/sub-001_ses-01_task-szMonitoring_run-05_eeg.edf,sub-001_ses-01_task-szMonitoring_run-05_eeg.edf,ses-01,BTEleft SD,256.0,1041.85
4440320,4442880,17345.0,17355.0,0.00023794405043583568,0.00017276541079287884,0.0007929468070496681,5.660966510023269e-06,8.646525830424368e-08,8.329322049244246e-06,5788.19562100114,2.361741268683039,82.08663629589161,1.3327514121301762,1276.2092005867805,154.77499044359467,224.41936611801995,EXTREME,/Volumes/Verbatim/SEIZEL_IT2/SUB1/sub-001_ses-01_task-szMonitoring_run-01_eeg.edf,sub-001_ses-01_task-szMonitoring_run-01_eeg.edf,ses-01,BTEleft SD,256.0,1088.65
10122240,10124800,39540.0,39550.0,-0.0001975952550998513,0.0004160759211494623,0.002273951018539711,1.2874559008306627e-05,2.1216305699834886e-07,5.838880638666059e-05,2403.4075195554847,20.78058749294436,98.54377561003587,3.423199122891915,1227.6984899333656,112.7958939844842,223.10096345756932,EXTREME,/Volumes/Verbatim/SEIZEL_IT2/SUB1/sub-001_ses-01_task-szMonitoring_run-05_eeg.edf,sub-001_ses-01_task-szMonitoring_run-05_eeg.edf,ses-01,BTEleft SD,256.0,1041.85
2099200,2101760,8200.0,8210.0,-0.0007450411715352482,7.838035848756963e-05,0.0008309979858091096,2.5866495855029755e-05,5.612298278792552e-07,3.599333201901791e-05,12758.298208093705,8.459999744306662,20.580977927795043,7.5879272079653,1415.5138476201946,13.840665536735266,222.30592463436213,EXTREME,/Volumes/Verbatim/SEIZEL_IT2/SUB100/sub-100_ses-01_task-szMonitoring_run-05_eeg.edf,sub-100_ses-01_task-szMonitoring_run-05_eeg.edf,ses-01,BTEleft SD,256.0,138.25
8435200,8437760,32950.0,32960.0,4.03446211351753e-06,0.0004472417284596914,0.002502960326543068,2.308268759656099e-05,2.0004144056015776e-07,9.357289140716807e-05,2235.927316550025,35.17645385342142,108.83936073239096,8.518171164642595,1157.3831265596905,121.5023968341544,221.54097389547323,EXTREME,/Volumes/Verbatim/SEIZEL_IT2/SUB1/sub-001_ses-01_task-szMonitoring_run-05_eeg.edf,sub-001_ses-01_task-szMonitoring_run-05_eeg.edf,ses-01,BTEleft SD,256.0,1041.85
4439040,4441600,17340.0,17350.0,0.00021671830009727615,0.00019286396538346844,0.0007359626153963531,8.226730778400853e-06,8.416333074048875e-08,1.1614312687816875e-05,5185.001733354978,5.260860418996191,75.66989403381342,4.210812763269189,1242.0220023565628,173.7846144851069,221.4992043080603,EXTREME,/Volumes/Verbatim/SEIZEL_IT2/SUB1/sub-001_ses-01_task-szMonitoring_run-01_eeg.edf,sub-001_ses-01_task-szMonitoring_run-01_eeg.edf,ses-01,BTEleft SD,256.0,1088.65
13655040,13657600,53340.0,53350.0,-1.753591300211727e-05,0.0004399161889635139,0.002827930724040589,2.410740753986419e-05,1.9383376155699983e-07,0.00010321471251970409,2273.1602582822397,39.12148661828634,123.44907428007025,9.029618431065296,1121.3734733059432,119.45592873326525,220.33987272784532,EXTREME,/Volumes/Verbatim/SEIZEL_IT2/SUB1/sub-001_ses-01_task-szMonitoring_run-05_eeg.edf,sub-001_ses-01_task-szMonitoring_run-05_eeg.edf,ses-01,BTEleft SD,256.0,1041.85
15191040,15193600,59340.0,59350.0,0.00010271590753032722,0.000435792832553996,0.0023709519340810252,1.6962820022220948e-05,2.004659505652139e-07,7.871570677458303e-05,2294.66829879867,29.097510935367307,102.90465155699667,5.4636882669295,1159.8456343789642,118.30402485436623,217.66504443444504,EXTREME,/Volumes/Verbatim/SEIZEL_IT2/SUB1/sub-001_ses-01_task-szMonitoring_run-05_eeg.edf,sub-001_ses-01_task-szMonitoring_run-05_eeg.edf,ses-01,BTEleft SD,256.0,1041.85
13496320,13498880,52720.0,52730.0,-2.489349464980552e-05,0.00043788774184019526,0.002542919356069276,2.132457694957847e-05,1.9236536052978536e-07,0.00010066495623208779,2283.6903209801526,38.078232239298906,110.63580120671327,7.640681768301445,1112.855537407431,118.8892602531652,215.79993451518874,EXTREME,/Volumes/Verbatim/SEIZEL_IT2/SUB1/sub-001_ses-01_task-szMonitoring_run-05_eeg.edf,sub-001_ses-01_task-szMonitoring_run-05_eeg.edf,ses-01,BTEleft SD,256.0,1041.85
11795200,11797760,46075.0,46085.0,0.00016223136485990302,0.0003995030112184204,0.0027299394979781793,2.4981801440785457e-05,1.859216717168923e-07,0.00012602600218310813,2503.1100377617922,48.454918973087985,119.04367688393171,9.46603656982162,1075.4768327886372,108.16607367835064,214.79929661746212,EXTREME,/Volumes/Verbatim/SEIZEL_IT2/SUB1/sub-001_ses-01_task-szMonitoring_run-05_eeg.edf,sub-001_ses-01_task-szMonitoring_run-05_eeg.edf,ses-01,BTEleft SD,256.0,1041.85
4743680,4746240,18530.0,18540.0,0.00013674172511587304,0.0003828435717689061,0.0011769614557106888,5.246176881866558e-06,1.652674998324385e-07,9.789951944810608e-06,2612.0328800808284,2.0841083983053634,53.38185332637345,0.21342965344394166,1262.822391974805,139.02331929409684,214.77418526100078,EXTREME,/Volumes/Verbatim/SEIZEL_IT2/SUB1/sub-001_ses-01_task-szMonitoring_run-06_eeg.edf,sub-001_ses-01_task-szMonitoring_run-06_eeg.edf,ses-01,BTEleft SD,256.0,336.53333333333336
5132800,5135360,20050.0,20060.0,0.0002956535857926583,0.000249842377114685,0.0021359626459143966,6.3188657659075306e-06,1.4983225619437325e-07,6.222647495474376e-05,4002.5235412263437,33.59348065425107,99.62749716294327,1.0587217938704894,1144.5093791760441,89.42803165639032,212.51417206239626,EXTREME,/Volumes/Verbatim/SEIZEL_IT2/SUB1/sub-001_ses-01_task-szMonitoring_run-06_eeg.edf,sub-001_ses-01_task-szMonitoring_run-06_eeg.edf,ses-01,BTEleft SD,256.0,336.53333333333336
7014400,7016960,27400.0,27410.0,8.272540734435796e-05,0.0006668497717216498,0.0025189883268482488,1.4338019820038908e-05,4.5153211106550625e-07,8.150035485310078e-05,1499.5881245016346,47.06120146525158,109.12745257881976,7.674562603809452,1002.2531930978956,220.68159277480765,212.237961791529,EXTREME,/Volumes/Verbatim/SEIZEL_IT2/SUB100/sub-100_ses-01_task-szMonitoring_run-09_eeg.edf,sub-100_ses-01_task-szMonitoring_run-09_eeg.edf,ses-01,BTEleft SD,256.0,762.8833333333333
10120960,10123520,39535.0,39545.0,-0.00014626628092932216,0.0004212210060124012,0.002273951018539711,1.380413564197566e-05,1.988209608429947e-07,5.860788250450125e-05,2374.0506369630302,20.870224341916504,98.54377561003587,3.8871594774526868,1150.303338542959,114.23322867551497,211.75958918616382,EXTREME,/Volumes/Verbatim/SEIZEL_IT2/SUB1/sub-001_ses-01_task-szMonitoring_run-05_eeg.edf,sub-001_ses-01_task-szMonitoring_run-05_eeg.edf,ses-01,BTEleft SD,256.0,1041.85
4742400,4744960,18525.0,18535.0,0.0002368550457413022,0.00032219125879564517,0.0010679813229571983,5.594888579337376e-06,1.5990751993743673e-07,1.2389538192046944e-05,3103.7465157629217,3.64621294059338,48.12653513066875,0.48821879457540135,1221.7374966023383,116.40646298974929,205.90039610358218,EXTREME,/Volumes/Verbatim/SEIZEL_IT2/SUB1/sub-001_ses-01_task-szMonitoring_run-06_eeg.edf,sub-001_ses-01_task-szMonitoring_run-06_eeg.edf,ses-01,BTEleft SD,256.0,336.53333333333336
7930880,7933440,30980.0,30990.0,9.508915426871152e-05,0.00030008897070719025,0.0023819601739528493,1.1436519417105364e-05,9.909533759963967e-08,7.414746691958606e-05,3332.3450519059497,49.97503238882404,194.90012316162395,6.424906776060776,869.4185542674259,175.8944215713656,205.7584926208758,EXTREME,/Volumes/Verbatim/SEIZEL_IT2/SUB1/sub-001_ses-01_task-szMonitoring_run-09_eeg.edf,sub-001_ses-01_task-szMonitoring_run-09_eeg.edf,ses-01,BTEleft SD,256.0,810.95
7929600,7932160,30975.0,30985.0,8.492882124055861e-05,0.0002999732511245029,0.0023819601739528493,1.204918898298619e-05,9.719685606751483e-08,7.420359789755969e-05,3333.6305584504357,50.01599133582841,194.90012316162395,6.991265366651979,852.6821941310842,175.82428047246117,203.36863184010386,EXTREME,/Volumes/Verbatim/SEIZEL_IT2/SUB1/sub-001_ses-01_task-szMonitoring_run-09_eeg.edf,sub-001_ses-01_task-szMonitoring_run-09_eeg.edf,ses-01,BTEleft SD,256.0,810.95
